sku,product_name,issue_codes,issue_fa,search_url,detail_url,image_url
0110-1125,7114-3460سیرکومتر قطر لوله 700 - 1100کولیس دیجیتال — 0-1125mm,sku_not_on_detail_page,SKU دقیق در لیست variations / هدر محصول نیست,https://www.tosag.ch/?suche=0110-1125&lang=eng,,
1111-100,کولیس دیجیتال 10سانت — 10 سانت,sku_not_on_detail_page,SKU دقیق در لیست variations / هدر محصول نیست,https://www.tosag.ch/?suche=1111-100&lang=eng,,
1114-150,کولیس دیجیتال متال 15سانت — 15 سانت,sku_not_on_detail_page,SKU دقیق در لیست variations / هدر محصول نیست,https://www.tosag.ch/?suche=1114-150&lang=eng,,
1114-200,کولیس دیجیتال متال 20سانت — 20 سانت,sku_not_on_detail_page,SKU دقیق در لیست variations / هدر محصول نیست,https://www.tosag.ch/?suche=1114-200&lang=eng,,
1114-300,کولیس دیجیتال متال 30سانت — 30 سانت,sku_not_on_detail_page,SKU دقیق در لیست variations / هدر محصول نیست,https://www.tosag.ch/?suche=1114-300&lang=eng,,
1115-150,کولیس دیجیتال 15سانت ضدآب ()IP67 — 15 سانت,no_product_candidates,هیچ صفحه محصولی در نتایج جستجو نبود,https://www.tosag.ch/?suche=1115-150&lang=eng,,
1115-200,کولیس دیجیتال 20سانت ضدآب ()IP67 — 20 سانت,no_product_candidates,هیچ صفحه محصولی در نتایج جستجو نبود,https://www.tosag.ch/?suche=1115-200&lang=eng,,
1115-300,کولیس دیجیتال 30سانت ضدآب ()IP67 — 30 سانت,no_product_candidates,هیچ صفحه محصولی در نتایج جستجو نبود,https://www.tosag.ch/?suche=1115-300&lang=eng,,
1120-150,کولیس داخل دیجیتال 15سانت 22 - 150 — 15 سانت,sku_not_on_detail_page,SKU دقیق در لیست variations / هدر محصول نیست,https://www.tosag.ch/?suche=1120-150&lang=eng,,
1120-200,کولیس داخل دیجیتال 20سانت 25 - 200 — 20 سانت,sku_not_on_detail_page,SKU دقیق در لیست variations / هدر محصول نیست,https://www.tosag.ch/?suche=1120-200&lang=eng,,
1120-300,کولیس داخل دیجیتال 30سانت 30 - 300 — 30 سانت,sku_not_on_detail_page,SKU دقیق در لیست variations / هدر محصول نیست,https://www.tosag.ch/?suche=1120-300&lang=eng,,
1121-150,کولیس داخل دیجیتال 15سانت 24 - 150 — 15 سانت,sku_not_on_detail_page,SKU دقیق در لیست variations / هدر محصول نیست,https://www.tosag.ch/?suche=1121-150&lang=eng,,
1123-150,کولیس داخل دیجیتال 15سانت 15 - 150 — 15 سانت,sku_not_on_detail_page,SKU دقیق در لیست variations / هدر محصول نیست,https://www.tosag.ch/?suche=1123-150&lang=eng,,
1123-300,کولیس داخل دیجیتال 30سانت 24 - 300 — 30 سانت,sku_not_on_detail_page,SKU دقیق در لیست variations / هدر محصول نیست,https://www.tosag.ch/?suche=1123-300&lang=eng,,
1141-150,عمق سنج دیجیتال 15سانت — 15 سانت,sku_not_on_detail_page,SKU دقیق در لیست variations / هدر محصول نیست,https://www.tosag.ch/?suche=1141-150&lang=eng,,
1141-200,عمق سنج دیجیتال 20سانت — 20 سانت,sku_not_on_detail_page,SKU دقیق در لیست variations / هدر محصول نیست,https://www.tosag.ch/?suche=1141-200&lang=eng,,
1141-300,عمق سنج دیجیتال 30سانت — 30 سانت,sku_not_on_detail_page,SKU دقیق در لیست variations / هدر محصول نیست,https://www.tosag.ch/?suche=1141-300&lang=eng,,
1141-500,عمق سنج دیجیتال 50سانت — 50 سانت,sku_not_on_detail_page,SKU دقیق در لیست variations / هدر محصول نیست,https://www.tosag.ch/?suche=1141-500&lang=eng,,
1142-150,عمق سنج لبه دار 15سانت — 15 سانت,sku_not_on_detail_page,SKU دقیق در لیست variations / هدر محصول نیست,https://www.tosag.ch/?suche=1142-150&lang=eng,,
1142-200,عمق سنج لبه دار 20سانت — 20 سانت,sku_not_on_detail_page,SKU دقیق در لیست variations / هدر محصول نیست,https://www.tosag.ch/?suche=1142-200&lang=eng,,
1142-300,عمق سنج لبه دار 30سانت — 30 سانت,sku_not_on_detail_page,SKU دقیق در لیست variations / هدر محصول نیست,https://www.tosag.ch/?suche=1142-300&lang=eng,,
1144-150,عمق سنج لبه دار دو طرفه 15سانت — 15 سانت,sku_not_on_detail_page,SKU دقیق در لیست variations / هدر محصول نیست,https://www.tosag.ch/?suche=1144-150&lang=eng,,
1144-200,عمق سنج لبه دار دو طرفه 20سانت — 20 سانت,sku_not_on_detail_page,SKU دقیق در لیست variations / هدر محصول نیست,https://www.tosag.ch/?suche=1144-200&lang=eng,,
1144-300,عمق سنج لبه دار دو طرفه 30سانت — 30 سانت,sku_not_on_detail_page,SKU دقیق در لیست variations / هدر محصول نیست,https://www.tosag.ch/?suche=1144-300&lang=eng,,
1151-300,کولیس پایه دار دو میله دیجیتال 30سانت — 30 سانت,sku_not_on_detail_page,SKU دقیق در لیست variations / هدر محصول نیست,https://www.tosag.ch/?suche=1151-300&lang=eng,,
1151-600,کولیس پایه دار دو میله دیجیتال 60سانت — 60 سانت,sku_not_on_detail_page,SKU دقیق در لیست variations / هدر محصول نیست,https://www.tosag.ch/?suche=1151-600&lang=eng,,
1161-150,کولیس فک میله ای 15سانت — 15 سانت,sku_not_on_detail_page,SKU دقیق در لیست variations / هدر محصول نیست,https://www.tosag.ch/?suche=1161-150&lang=eng,,
1183-150,کولیس فک باریک 15سانت — 15 سانت,sku_not_on_detail_page,SKU دقیق در لیست variations / هدر محصول نیست,https://www.tosag.ch/?suche=1183-150&lang=eng,,
1185-150,کولیس خارج شیار 15سانت — 15 سانت,sku_not_on_detail_page,SKU دقیق در لیست variations / هدر محصول نیست,https://www.tosag.ch/?suche=1185-150&lang=eng,,
1186-150,کولیس فک متحرک 15سانت — 15 سانت,sku_not_on_detail_page,SKU دقیق در لیست variations / هدر محصول نیست,https://www.tosag.ch/?suche=1186-150&lang=eng,,
1186-200,کولیس فک متحرک 20سانت — 20 سانت,sku_not_on_detail_page,SKU دقیق در لیست variations / هدر محصول نیست,https://www.tosag.ch/?suche=1186-200&lang=eng,,
1186-300,کولیس فک متحرک 30سانت — 30 سانت,sku_not_on_detail_page,SKU دقیق در لیست variations / هدر محصول نیست,https://www.tosag.ch/?suche=1186-300&lang=eng,,
1187-150,کولیس خارج شیار 15سانت — 15 سانت,sku_not_on_detail_page,SKU دقیق در لیست variations / هدر محصول نیست,https://www.tosag.ch/?suche=1187-150&lang=eng,,
1188-150,کولیس دیجیتال فک باریک 15سانت — 15 سانت,sku_not_on_detail_page,SKU دقیق در لیست variations / هدر محصول نیست,https://www.tosag.ch/?suche=1188-150&lang=eng,,
1311-150,کولیس استن استیل ساعتی 15سانت — 15 سانت,sku_not_on_detail_page,SKU دقیق در لیست variations / هدر محصول نیست,https://www.tosag.ch/?suche=1311-150&lang=eng,,
1311-200,کولیس استن استیل ساعتی 20سانت — 20 سانت,sku_not_on_detail_page,SKU دقیق در لیست variations / هدر محصول نیست,https://www.tosag.ch/?suche=1311-200&lang=eng,,
1311-300,کولیس استن استیل ساعتی 30سانت — 30 سانت,sku_not_on_detail_page,SKU دقیق در لیست variations / هدر محصول نیست,https://www.tosag.ch/?suche=1311-300&lang=eng,,
1312-150,کولیس استن استیل ساعتی 15سانت — 15 سانت,sku_not_on_detail_page,SKU دقیق در لیست variations / هدر محصول نیست,https://www.tosag.ch/?suche=1312-150&lang=eng,,
1312-200,کولیس استن استیل ساعتی 20سانت — 20 سانت,sku_not_on_detail_page,SKU دقیق در لیست variations / هدر محصول نیست,https://www.tosag.ch/?suche=1312-200&lang=eng,,
1312-300,کولیس استن استیل ساعتی 30سانت — 30 سانت,sku_not_on_detail_page,SKU دقیق در لیست variations / هدر محصول نیست,https://www.tosag.ch/?suche=1312-300&lang=eng,,
1530-500,کولیس داخل /خارج دیجیتال 50سانت — 50 سانت,no_product_candidates,هیچ صفحه محصولی در نتایج جستجو نبود,https://www.tosag.ch/?suche=1530-500&lang=eng,,
2122-160,گیج داخل سیلندر دیجیتال 50 - 160 — 0-160mm,sku_not_on_detail_page|sku_not_on_detail_page,SKU دقیق در لیست variations / هدر محصول نیست؛ SKU دقیق در لیست variations / هدر محصول نیست,https://www.tosag.ch/?suche=2122-160&lang=eng,,
2141-202,عمق سنج صلیبی دیجیتال 30سانتکولیس دیجیتال — 0-202mm,sku_not_on_detail_page,SKU دقیق در لیست variations / هدر محصول نیست,https://www.tosag.ch/?suche=2141-202&lang=eng,,
2171-250,درجه زاویه سنج دیجیتال 25سانت — 25 سانت,sku_not_on_detail_page,SKU دقیق در لیست variations / هدر محصول نیست,https://www.tosag.ch/?suche=2171-250&lang=eng,,
2172-360,زاویه سنج دیجیتال 360درجه — 0-360mm,sku_not_on_detail_page|sku_not_on_detail_page,SKU دقیق در لیست variations / هدر محصول نیست؛ SKU دقیق در لیست variations / هدر محصول نیست,https://www.tosag.ch/?suche=2172-360&lang=eng,,
2173-360,درجه تراز دیجیتال مگنت دار 15سانت — 15 سانت,no_product_candidates,هیچ صفحه محصولی در نتایج جستجو نبود,https://www.tosag.ch/?suche=2173-360&lang=eng,,
2174-225,درجه زاویه سنج دیجیتال 46سانت آب تراز دار — 46 سانت,sku_not_on_detail_page,SKU دقیق در لیست variations / هدر محصول نیست,https://www.tosag.ch/?suche=2174-225&lang=eng,,
2175-360,درجه تراز دیجیتال — 0-360mm,sku_not_on_detail_page,SKU دقیق در لیست variations / هدر محصول نیست,https://www.tosag.ch/?suche=2175-360&lang=eng,,
2179-360,درجه تراز دیجیتال مگنت دار 15سانت — 15 سانت,sku_not_on_detail_page,SKU دقیق در لیست variations / هدر محصول نیست,https://www.tosag.ch/?suche=2179-360&lang=eng,,
2275-300,گونیا 30سانتی — 30 سانت,no_product_candidates,هیچ صفحه محصولی در نتایج جستجو نبود,https://www.tosag.ch/?suche=2275-300&lang=eng,,
2281-360,زاویه سنج 20سانت — 20 سانت,sku_not_on_detail_page,SKU دقیق در لیست variations / هدر محصول نیست,https://www.tosag.ch/?suche=2281-360&lang=eng,,
2322-160,گیج داخل سیلندر 50 - 160 — 0-160mm,sku_not_on_detail_page,SKU دقیق در لیست variations / هدر محصول نیست,https://www.tosag.ch/?suche=2322-160&lang=eng,,
2322-250,گیج داخل سیلندر 160 - 250 — 0-250mm,sku_not_on_detail_page,SKU دقیق در لیست variations / هدر محصول نیست,https://www.tosag.ch/?suche=2322-250&lang=eng,,
2322-450,گیج داخل سیلندر 250 - 450 — 0-450mm,sku_not_on_detail_page,SKU دقیق در لیست variations / هدر محصول نیست,https://www.tosag.ch/?suche=2322-450&lang=eng,,
2341-101,عمق سنج ساعتی 1سانت — 1 سانت,sku_not_on_detail_page,SKU دقیق در لیست variations / هدر محصول نیست,https://www.tosag.ch/?suche=2341-101&lang=eng,,
2372-360,دقیقه 5 زاویه سنج ذره بینی — 0-360mm,sku_not_on_detail_page,SKU دقیق در لیست variations / هدر محصول نیست,https://www.tosag.ch/?suche=2372-360&lang=eng,,
2373-360,دقیقه 5 زاویه سنج ساعتی — 0-360mm,sku_not_on_detail_page,SKU دقیق در لیست variations / هدر محصول نیست,https://www.tosag.ch/?suche=2373-360&lang=eng,,
2771-360,زاویه سنج دیجیتال 360درجه — 0-360mm,sku_not_on_detail_page|sku_not_on_detail_page,SKU دقیق در لیست variations / هدر محصول نیست؛ SKU دقیق در لیست variations / هدر محصول نیست,https://www.tosag.ch/?suche=2771-360&lang=eng,,
2827-160,گیج داخل سیلندر ) 50 - 160( L — 0-160mm,sku_not_on_detail_page,SKU دقیق در لیست variations / هدر محصول نیست,https://www.tosag.ch/?suche=2827-160&lang=eng,,
2828-800,گیج داخل سیلندر 400 - 800 — 0-800mm,sku_not_on_detail_page,SKU دقیق در لیست variations / هدر محصول نیست,https://www.tosag.ch/?suche=2828-800&lang=eng,,
3101-225,میکرومتر خارج دیجیتال 200 - 225آیپی — 0-225mm,sku_not_on_detail_page,SKU دقیق در لیست variations / هدر محصول نیست,https://www.tosag.ch/?suche=3101-225&lang=eng,,
3101-250,میکرومتر خارج دیجیتال 225 - 250آیپی — 0-250mm,sku_not_on_detail_page,SKU دقیق در لیست variations / هدر محصول نیست,https://www.tosag.ch/?suche=3101-250&lang=eng,,
3101-275,میکرومتر خارج دیجیتال 250 - 275آیپی — 0-275mm,sku_not_on_detail_page|sku_not_on_detail_page,SKU دقیق در لیست variations / هدر محصول نیست؛ SKU دقیق در لیست variations / هدر محصول نیست,https://www.tosag.ch/?suche=3101-275&lang=eng,,
3101-300,میکرومتر خارج دیجیتال 275 - 300آیپی — 0-300mm,sku_not_on_detail_page|sku_not_on_detail_page|sku_not_on_detail_page,SKU دقیق در لیست variations / هدر محصول نیست؛ SKU دقیق در لیست variations / هدر محصول نیست؛ SKU دقیق در لیست variations / هدر محصول نیست,https://www.tosag.ch/?suche=3101-300&lang=eng,,
3108-100,میکرومتر خارج دیجیتال 75 - 100 — 0-100mm,sku_not_on_detail_page|sku_not_on_detail_page,SKU دقیق در لیست variations / هدر محصول نیست؛ SKU دقیق در لیست variations / هدر محصول نیست,https://www.tosag.ch/?suche=3108-100&lang=eng,,
3109-100,میکرومتر خارج دیجیتال 75 - 100 — 0-100mm,sku_not_on_detail_page|sku_not_on_detail_page,SKU دقیق در لیست variations / هدر محصول نیست؛ SKU دقیق در لیست variations / هدر محصول نیست,https://www.tosag.ch/?suche=3109-100&lang=eng,,
3109-125,میکرومتر خارج دیجیتال 100 - 125 — 0-125mm,sku_not_on_detail_page,SKU دقیق در لیست variations / هدر محصول نیست,https://www.tosag.ch/?suche=3109-125&lang=eng,,
3109-150,میکرومتر خارج دیجیتال 125 - 150 — 0-150mm,sku_not_on_detail_page|sku_not_on_detail_page,SKU دقیق در لیست variations / هدر محصول نیست؛ SKU دقیق در لیست variations / هدر محصول نیست,https://www.tosag.ch/?suche=3109-150&lang=eng,,
3109-175,میکرومتر خارج دیجیتال 150 - 175 — 0-175mm,sku_not_on_detail_page,SKU دقیق در لیست variations / هدر محصول نیست,https://www.tosag.ch/?suche=3109-175&lang=eng,,
3109-200,میکرومتر خارج دیجیتال 175 - 200 — 0-200mm,sku_not_on_detail_page,SKU دقیق در لیست variations / هدر محصول نیست,https://www.tosag.ch/?suche=3109-200&lang=eng,,
3109-225,میکرومتر خارج دیجیتال 200 - 225 — 0-225mm,sku_not_on_detail_page,SKU دقیق در لیست variations / هدر محصول نیست,https://www.tosag.ch/?suche=3109-225&lang=eng,,
3109-250,میکرومتر خارج دیجیتال 225 - 250 — 0-250mm,sku_not_on_detail_page,SKU دقیق در لیست variations / هدر محصول نیست,https://www.tosag.ch/?suche=3109-250&lang=eng,,
3109-275,میکرومتر خارج دیجیتال 250 - 275 — 0-275mm,sku_not_on_detail_page,SKU دقیق در لیست variations / هدر محصول نیست,https://www.tosag.ch/?suche=3109-275&lang=eng,,
3109-300,میکرومتر خارج دیجیتال 275 - 300 — 0-300mm,sku_not_on_detail_page|sku_not_on_detail_page,SKU دقیق در لیست variations / هدر محصول نیست؛ SKU دقیق در لیست variations / هدر محصول نیست,https://www.tosag.ch/?suche=3109-300&lang=eng,,
3203-100,میکرومتر خارج 75 - 100 — 0-100mm,sku_not_on_detail_page|sku_not_on_detail_page,SKU دقیق در لیست variations / هدر محصول نیست؛ SKU دقیق در لیست variations / هدر محصول نیست,https://www.tosag.ch/?suche=3203-100&lang=eng,,
3203-125,میکرومتر خارج 100 - 125 — 0-125mm,sku_not_on_detail_page,SKU دقیق در لیست variations / هدر محصول نیست,https://www.tosag.ch/?suche=3203-125&lang=eng,,
3203-150,میکرومتر خارج 125 - 150 — 0-150mm,sku_not_on_detail_page|sku_not_on_detail_page,SKU دقیق در لیست variations / هدر محصول نیست؛ SKU دقیق در لیست variations / هدر محصول نیست,https://www.tosag.ch/?suche=3203-150&lang=eng,,
3203-1506,میکرومتر خارج صندوقی 6( 0 - 150عددی) — 0-1506mm,sku_not_on_detail_page,SKU دقیق در لیست variations / هدر محصول نیست,https://www.tosag.ch/?suche=3203-1506&lang=eng,,
3203-175,میکرومتر خارج 150 - 175 — 0-175mm,sku_not_on_detail_page,SKU دقیق در لیست variations / هدر محصول نیست,https://www.tosag.ch/?suche=3203-175&lang=eng,,
3203-200,میکرومتر خارج 175 - 200 — 0-200mm,sku_not_on_detail_page,SKU دقیق در لیست variations / هدر محصول نیست,https://www.tosag.ch/?suche=3203-200&lang=eng,,
3203-225,میکرومتر خارج 200 - 225 — 0-225mm,sku_not_on_detail_page,SKU دقیق در لیست variations / هدر محصول نیست,https://www.tosag.ch/?suche=3203-225&lang=eng,,
3203-250,میکرومتر خارج 225 - 250 — 0-250mm,sku_not_on_detail_page,SKU دقیق در لیست variations / هدر محصول نیست,https://www.tosag.ch/?suche=3203-250&lang=eng,,
3203-275,میکرومتر خارج 250 - 275 — 0-275mm,sku_not_on_detail_page,SKU دقیق در لیست variations / هدر محصول نیست,https://www.tosag.ch/?suche=3203-275&lang=eng,,
3203-300,میکرومتر خارج 275 - 300 — 0-300mm,sku_not_on_detail_page|sku_not_on_detail_page,SKU دقیق در لیست variations / هدر محصول نیست؛ SKU دقیق در لیست variations / هدر محصول نیست,https://www.tosag.ch/?suche=3203-300&lang=eng,,
3203-3006,میکرومتر خارج صندوقی 150 - 300,sku_not_on_detail_page,SKU دقیق در لیست variations / هدر محصول نیست,https://www.tosag.ch/?suche=3203-3006&lang=eng,,
3203-3012,میکرومتر خارج صندوقی 12( 0 - 300عددی),sku_not_on_detail_page,SKU دقیق در لیست variations / هدر محصول نیست,https://www.tosag.ch/?suche=3203-3012&lang=eng,,
3206-150,میکرومتر میله ای خارج ( 0 - 150سری 6عددی سر تعویض شو) — 0-150mm,sku_not_on_detail_page,SKU دقیق در لیست variations / هدر محصول نیست,https://www.tosag.ch/?suche=3206-150&lang=eng,,
3206-200,میکرومتر میله ای خارج ( 100 - 200سری 4عددی سر تعویض شو) — 0-200mm,sku_not_on_detail_page,SKU دقیق در لیست variations / هدر محصول نیست,https://www.tosag.ch/?suche=3206-200&lang=eng,,
3206-300,میکرومتر میله ای خارج (150 - 300سری 6عددی سر تعویض شو) — 0-300mm,sku_not_on_detail_page,SKU دقیق در لیست variations / هدر محصول نیست,https://www.tosag.ch/?suche=3206-300&lang=eng,,
3206-301,میکرومتر میله ای خارج ( 200 - 300سری 4عددی سر تعویض شو) — 0-301mm,sku_not_on_detail_page,SKU دقیق در لیست variations / هدر محصول نیست,https://www.tosag.ch/?suche=3206-301&lang=eng,,
3210-100,میکرومتر خارج 75 - 100 — 0-100mm,sku_not_on_detail_page|sku_not_on_detail_page,SKU دقیق در لیست variations / هدر محصول نیست؛ SKU دقیق در لیست variations / هدر محصول نیست,https://www.tosag.ch/?suche=3210-100&lang=eng,,
3232-100,میکرومتر نوک پیچ گوشتی 75 - 100 — 0-100mm,sku_not_on_detail_page,SKU دقیق در لیست variations / هدر محصول نیست,https://www.tosag.ch/?suche=3232-100&lang=eng,,
3290-153,میکرومتر 60درجه جناغی 1 - 15 — 0-153mm,sku_not_on_detail_page,SKU دقیق در لیست variations / هدر محصول نیست,https://www.tosag.ch/?suche=3290-153&lang=eng,,
3290-203,میکرومتر 60درجه جناغی 5 - 20 — 0-203mm,sku_not_on_detail_page,SKU دقیق در لیست variations / هدر محصول نیست,https://www.tosag.ch/?suche=3290-203&lang=eng,,
3290-455,میکرومتر 60درجه جناغی 25 - 45 — 0-455mm,sku_not_on_detail_page,SKU دقیق در لیست variations / هدر محصول نیست,https://www.tosag.ch/?suche=3290-455&lang=eng,,
3506-150,میکرومتر میله ای خارج دیجیتال 0 - 150 — 0-150mm,sku_not_on_detail_page,SKU دقیق در لیست variations / هدر محصول نیست,https://www.tosag.ch/?suche=3506-150&lang=eng,,
3506-300,میکرومتر میله ای خارج دیجیتال 150 - 300 — 0-300mm,sku_not_on_detail_page,SKU دقیق در لیست variations / هدر محصول نیست,https://www.tosag.ch/?suche=3506-300&lang=eng,,
3506-400,میکرومتر میله ای خارج دیجیتال 300 - 400 — 0-400mm,sku_not_on_detail_page,SKU دقیق در لیست variations / هدر محصول نیست,https://www.tosag.ch/?suche=3506-400&lang=eng,,
3506-500,میکرومتر میله ای خارج دیجیتال 400 - 500 — 0-500mm,sku_not_on_detail_page,SKU دقیق در لیست variations / هدر محصول نیست,https://www.tosag.ch/?suche=3506-500&lang=eng,,
3506-600,میکرومتر میله ای خارج دیجیتال 500 - 600 — 0-600mm,sku_not_on_detail_page,SKU دقیق در لیست variations / هدر محصول نیست,https://www.tosag.ch/?suche=3506-600&lang=eng,,
3590-153,میکرومتر 60درجه جناقی 1 - 15دیجیتال — 0-153mm,sku_not_on_detail_page,SKU دقیق در لیست variations / هدر محصول نیست,https://www.tosag.ch/?suche=3590-153&lang=eng,,
4150-130,خط کش سینوسی — 0-130mm,no_product_candidates,هیچ صفحه محصولی در نتایج جستجو نبود,https://www.tosag.ch/?suche=4150-130&lang=eng,,
4150-1301,خط کش سینوسی — 0-1301mm,no_product_candidates,هیچ صفحه محصولی در نتایج جستجو نبود,https://www.tosag.ch/?suche=4150-1301&lang=eng,,
4150-250,خط کش سینوسی — 0-250mm,no_product_candidates,هیچ صفحه محصولی در نتایج جستجو نبود,https://www.tosag.ch/?suche=4150-250&lang=eng,,
4150-2501,خط کش سینوسی,no_product_candidates,هیچ صفحه محصولی در نتایج جستجو نبود,https://www.tosag.ch/?suche=4150-2501&lang=eng,,
4903-150,تراز صنعتی تخت 15سانت — 15 سانت,sku_not_on_detail_page,SKU دقیق در لیست variations / هدر محصول نیست,https://www.tosag.ch/?suche=4903-150&lang=eng,,
4903-200,تراز صنعتی تخت 20سانت — 20 سانت,sku_not_on_detail_page,SKU دقیق در لیست variations / هدر محصول نیست,https://www.tosag.ch/?suche=4903-200&lang=eng,,
4903-300,تراز صنعتی تخت 30سانت — 30 سانت,sku_not_on_detail_page,SKU دقیق در لیست variations / هدر محصول نیست,https://www.tosag.ch/?suche=4903-300&lang=eng,,
4912-100,تراز مگنتی 10سانت — 10 سانت,sku_not_on_detail_page,SKU دقیق در لیست variations / هدر محصول نیست,https://www.tosag.ch/?suche=4912-100&lang=eng,,
4913-250,تراز مگنتی 25سانت — 25 سانت,sku_not_on_detail_page,SKU دقیق در لیست variations / هدر محصول نیست,https://www.tosag.ch/?suche=4913-250&lang=eng,,
4921-230,تراز 3طرفه 23سانتی — 23 سانت,sku_not_on_detail_page,SKU دقیق در لیست variations / هدر محصول نیست,https://www.tosag.ch/?suche=4921-230&lang=eng,,
6520-102,گیره دقیق 0-102 — 0-102mm,no_product_candidates,هیچ صفحه محصولی در نتایج جستجو نبود,https://www.tosag.ch/?suche=6520-102&lang=eng,,
6866-150,پایه ساعت گرانیتی 200 - 150میلیمتر — 0-150mm,sku_not_on_detail_page,SKU دقیق در لیست variations / هدر محصول نیست,https://www.tosag.ch/?suche=6866-150&lang=eng,,
6902-106,گرید 00 میز صفحه صافی 1000*630*140 — 0-106mm,sku_not_on_detail_page,SKU دقیق در لیست variations / هدر محصول نیست,https://www.tosag.ch/?suche=6902-106&lang=eng,,
7111-300,0.03 خط کش تاب سیلندر 30سانت — 30 سانت,sku_not_on_detail_page,SKU دقیق در لیست variations / هدر محصول نیست,https://www.tosag.ch/?suche=7111-300&lang=eng,,
7111-500,0.03 خط کش تاب سیلندر 50سانت — 50 سانت,sku_not_on_detail_page,SKU دقیق در لیست variations / هدر محصول نیست,https://www.tosag.ch/?suche=7111-500&lang=eng,,
7120-200,کولیس خط کش 20سانت — 20 سانت,sku_not_on_detail_page,SKU دقیق در لیست variations / هدر محصول نیست,https://www.tosag.ch/?suche=7120-200&lang=eng,,
7202-200,کولیس خط کش 20سانت — 20 سانت,sku_not_on_detail_page,SKU دقیق در لیست variations / هدر محصول نیست,https://www.tosag.ch/?suche=7202-200&lang=eng,,
7522-610,ذره بین دو لنزه 6Xو 10X — 0-610mm,sku_not_on_detail_page,SKU دقیق در لیست variations / هدر محصول نیست,https://www.tosag.ch/?suche=7522-610&lang=eng,,
8601-100,گرم ترازو دیجیتال 0.1گرم تا 100گرم — 0-100mm,sku_not_on_detail_page,SKU دقیق در لیست variations / هدر محصول نیست,https://www.tosag.ch/?suche=8601-100&lang=eng,,
8602-200,گرم ترازو دیجیتال 0.2گرم تا 200گرم — 0-200mm,sku_not_on_detail_page,SKU دقیق در لیست variations / هدر محصول نیست,https://www.tosag.ch/?suche=8602-200&lang=eng,,
9225-405,تاکومتر ( دور سنج ) — 0-405mm,sku_not_on_detail_page,SKU دقیق در لیست variations / هدر محصول نیست,https://www.tosag.ch/?suche=9225-405&lang=eng,,
9247-190,مولتی متر هوشمند دیجیتال — 0-190mm,sku_not_on_detail_page,SKU دقیق در لیست variations / هدر محصول نیست,https://www.tosag.ch/?suche=9247-190&lang=eng,,
9351-130,0.1 dB صوت سنج دیجیتالی 130 - 30دسی بل — 0-130mm,sku_not_on_detail_page,SKU دقیق در لیست variations / هدر محصول نیست,https://www.tosag.ch/?suche=9351-130&lang=eng,,
9721-250,تستر ولتاژ دیجیتالی — 0-250mm,sku_not_on_detail_page,SKU دقیق در لیست variations / هدر محصول نیست,https://www.tosag.ch/?suche=9721-250&lang=eng,,
9722-250,"3,700,000 9241-ML200مولتی متر دیجیتال 788 — 0-250mm",sku_not_on_detail_page,SKU دقیق در لیست variations / هدر محصول نیست,https://www.tosag.ch/?suche=9722-250&lang=eng,,
9723-400,تستر ولتاژ دیجیتالی — 0-400mm,sku_not_on_detail_page,SKU دقیق در لیست variations / هدر محصول نیست,https://www.tosag.ch/?suche=9723-400&lang=eng,,
