sku,brand,name,category_name,base_price_toman,price_raw,parse_flags,deficiency_codes,deficiency_fa,source_file,source_row_hint
1012-2010,Dasqua | داسکوا,زاویه سنج سه تکه با خط کش 12کش,زاویه سنج,11950000,"119,500,000",duplicate_sku_merged|duplicate_sku_in_pdf,duplicate_sku_in_pdf|duplicate_sku_merged,این SKU چند بار در PDF آمده — احتمال تداخل قیمت/مشخصات؛ SKU تکراری در PDF ادغام شده — برای واردسازی قطعی مناسب نیست,لیست قیمت داسکوا 14050212.pdf,line:2121
1022-0200,Dasqua | داسکوا,خط کش زاویه سنج دیجیتال دو خط — 0-200mm,زاویه سنج,4555000,"45,550,000",size_corrected,size_corrected,بازه اندازه از PDF ناقص بود و اصلاح شده — برای واردسازی ۱۰۰٪ قطعی نیست,لیست قیمت داسکوا 14050212.pdf,line:2181
1022-0300,Dasqua | داسکوا,خط کش زاویه سنج دیجیتال دو خط — 0-300mm,زاویه سنج,5160000,"51,600,000",size_corrected,size_corrected,بازه اندازه از PDF ناقص بود و اصلاح شده — برای واردسازی ۱۰۰٪ قطعی نیست,لیست قیمت داسکوا 14050212.pdf,line:2184
1022-4250,Dasqua | داسکوا,خط کش زاویه سنج دیجیتال دو خط,زاویه سنج,,,missing_price,price_missing|missing_price,قیمت معتبر (بیش از صفر) وجود ندارد؛ قیمت در PDF استخراج نشد,لیست قیمت داسکوا 14050212.pdf,line:2190
1030-2030,Dasqua | داسکوا,زبری سنج دیجیتال پرتابل,شابلون,,,missing_price,price_missing|missing_price,قیمت معتبر (بیش از صفر) وجود ندارد؛ قیمت در PDF استخراج نشد,لیست قیمت داسکوا 14050212.pdf,line:2897
1030-2120,Dasqua | داسکوا,ترمومی دیجیتال (حرارت سنج),ترازو,,,missing_price,price_missing|missing_price|category_low_confidence,قیمت معتبر (بیش از صفر) وجود ندارد؛ قیمت در PDF استخراج نشد؛ دسته‌بندی با اطمینان پایین تشخیص داده شد,لیست قیمت داسکوا 14050212.pdf,line:2966
1032-0195,Dasqua | داسکوا,سوزن) شابلون گپ ( شابلون — 0-195mm,عمق سنج,,,size_corrected|missing_price,price_missing|missing_price|size_corrected,قیمت معتبر (بیش از صفر) وجود ندارد؛ قیمت در PDF استخراج نشد؛ بازه اندازه از PDF ناقص بود و اصلاح شده — برای واردسازی ۱۰۰٪ قطعی نیست,لیست قیمت داسکوا 14050212.pdf,line:3238
1032-0200,Dasqua | داسکوا,سوزن) شابلون گپ ( شابلون 1 — 0-200mm,عمق سنج,,,size_corrected|missing_price,price_missing|missing_price|size_corrected,قیمت معتبر (بیش از صفر) وجود ندارد؛ قیمت در PDF استخراج نشد؛ بازه اندازه از PDF ناقص بود و اصلاح شده — برای واردسازی ۱۰۰٪ قطعی نیست,لیست قیمت داسکوا 14050212.pdf,line:3240
1041-0015,Dasqua | داسکوا,شابلون ضخامت سنج رنگ و پوشش — 0-150mm,عمق سنج,,,missing_price,price_missing|missing_price,قیمت معتبر (بیش از صفر) وجود ندارد؛ قیمت در PDF استخراج نشد,لیست قیمت داسکوا 14050212.pdf,line:2602
1041-0105,Dasqua | داسکوا,"1,1.25,1.5,1.75,2,2.5,3,3.5,4 میلیمی تا 7 شابلون رزوه اینچ و — 0-105mm",انواع گیج,4545000,"45,450,000",size_corrected,size_corrected,بازه اندازه از PDF ناقص بود و اصلاح شده — برای واردسازی ۱۰۰٪ قطعی نیست,لیست قیمت داسکوا 14050212.pdf,line:2555
1051-0020,Dasqua | داسکوا,گپ سنج مخروط (گیج داخل مخروط) — 0-200mm,انواع گیج,,,missing_price,price_missing|missing_price,قیمت معتبر (بیش از صفر) وجود ندارد؛ قیمت در PDF استخراج نشد,لیست قیمت داسکوا 14050212.pdf,line:2525
1051-0025,Dasqua | داسکوا,گپ سنج مخروط (گیج داخل مخروط) — 0-45mm,انواع گیج,,,missing_price,price_missing|missing_price,قیمت معتبر (بیش از صفر) وجود ندارد؛ قیمت در PDF استخراج نشد,لیست قیمت داسکوا 14050212.pdf,line:2527
1051-0312,Dasqua | داسکوا,پرگار معمویل — 0-312mm,پرگار صنعتی,1620000,"16,200,000",size_corrected,size_corrected,بازه اندازه از PDF ناقص بود و اصلاح شده — برای واردسازی ۱۰۰٪ قطعی نیست,لیست قیمت داسکوا 14050212.pdf,line:2044
1120-3115,Dasqua | داسکوا,کولیس ورنیه تیپ مونو بالک — 0-150mm/0-6,انواع کولیس,3720000,"37,200,000",duplicate_sku_merged|duplicate_sku_in_pdf,duplicate_sku_in_pdf|duplicate_sku_merged,این SKU چند بار در PDF آمده — احتمال تداخل قیمت/مشخصات؛ SKU تکراری در PDF ادغام شده — برای واردسازی قطعی مناسب نیست,لیست قیمت داسکوا 14050212.pdf,line:19
1120-3120,Dasqua | داسکوا,کولیس ورنیه تیپ مونو بالک — 0-200mm/0-8,انواع کولیس,5885000,"58,850,000",duplicate_sku_merged|duplicate_sku_in_pdf,duplicate_sku_in_pdf|duplicate_sku_merged,این SKU چند بار در PDF آمده — احتمال تداخل قیمت/مشخصات؛ SKU تکراری در PDF ادغام شده — برای واردسازی قطعی مناسب نیست,لیست قیمت داسکوا 14050212.pdf,line:22
1120-3130,Dasqua | داسکوا,کولیس ورنیه تیپ مونو بالک — 0-300mm/0-12,انواع کولیس,,,missing_price,price_missing|missing_price,قیمت معتبر (بیش از صفر) وجود ندارد؛ قیمت در PDF استخراج نشد,لیست قیمت داسکوا 14050212.pdf,line:28
1620-0100,Dasqua | داسکوا,ساعت مرکزیاب 1 — 10 سانت,ساعت اندیکاتور,4330000,"43,300,000",size_corrected,size_corrected,بازه اندازه از PDF ناقص بود و اصلاح شده — برای واردسازی ۱۰۰٪ قطعی نیست,لیست قیمت داسکوا 14050212.pdf,line:2511
1620-0101,Dasqua | داسکوا,ساعت مرکزیاب 1 — 10 سانت,ساعت اندیکاتور,2700000,"27,000,000",size_corrected,size_corrected,بازه اندازه از PDF ناقص بود و اصلاح شده — برای واردسازی ۱۰۰٪ قطعی نیست,لیست قیمت داسکوا 14050212.pdf,line:2505
1704-0010,Dasqua | داسکوا,ضخامت سنج الکی — 0-100mm,عمق سنج,,,multiple_sku_on_line|missing_price,price_missing|missing_price|multiple_sku_on_line,قیمت معتبر (بیش از صفر) وجود ندارد؛ قیمت در PDF استخراج نشد؛ چند SKU در یک خط PDF — استخراج مبهم,لیست قیمت داسکوا 14050212.pdf,line:2986
1704-0015,Dasqua | داسکوا,ضخامت سنج الکی — 0-150mm,عمق سنج,,,missing_price,price_missing|missing_price,قیمت معتبر (بیش از صفر) وجود ندارد؛ قیمت در PDF استخراج نشد,لیست قیمت داسکوا 14050212.pdf,line:2991
1704-0020,Dasqua | داسکوا,ضخامت سنج الکی — 0-200mm,عمق سنج,,,missing_price,price_missing|missing_price,قیمت معتبر (بیش از صفر) وجود ندارد؛ قیمت در PDF استخراج نشد,لیست قیمت داسکوا 14050212.pdf,line:2995
1704-0025,Dasqua | داسکوا,ضخامت سنج الکی — 0-25mm,عمق سنج,,,missing_price,price_missing|missing_price,قیمت معتبر (بیش از صفر) وجود ندارد؛ قیمت در PDF استخراج نشد,لیست قیمت داسکوا 14050212.pdf,line:3000
1704-0030,Dasqua | داسکوا,ضخامت سنج الکی — 0-30mm,عمق سنج,,,missing_price,price_missing|missing_price,قیمت معتبر (بیش از صفر) وجود ندارد؛ قیمت در PDF استخراج نشد,لیست قیمت داسکوا 14050212.pdf,line:3005
1704-0035,Dasqua | داسکوا,ضخامت سنج الکی — 0-35mm,عمق سنج,,,missing_price,price_missing|missing_price,قیمت معتبر (بیش از صفر) وجود ندارد؛ قیمت در PDF استخراج نشد,لیست قیمت داسکوا 14050212.pdf,line:3009
1704-0040,Dasqua | داسکوا,ضخامت سنج الکی — 0-40mm,عمق سنج,,,missing_price,price_missing|missing_price,قیمت معتبر (بیش از صفر) وجود ندارد؛ قیمت در PDF استخراج نشد,لیست قیمت داسکوا 14050212.pdf,line:3013
1704-0045,Dasqua | داسکوا,ضخامت سنج الکی — 0-45mm,عمق سنج,,,missing_price,price_missing|missing_price,قیمت معتبر (بیش از صفر) وجود ندارد؛ قیمت در PDF استخراج نشد,لیست قیمت داسکوا 14050212.pdf,line:3017
1804-0008,Dasqua | داسکوا,نقاله زاویه یاب آلومینیویم — 0-80mm,زاویه سنج,,,missing_price,price_missing|missing_price,قیمت معتبر (بیش از صفر) وجود ندارد؛ قیمت در PDF استخراج نشد,لیست قیمت داسکوا 14050212.pdf,line:3726
1804-0009,Dasqua | داسکوا,نقاله زاویه یاب آلومینیویم — 0-90mm,زاویه سنج,,,missing_price,price_missing|missing_price,قیمت معتبر (بیش از صفر) وجود ندارد؛ قیمت در PDF استخراج نشد,لیست قیمت داسکوا 14050212.pdf,line:3727
1804-0105,Dasqua | داسکوا,گونیا تنظیم زاویه متغیی — 0-105mm,زاویه سنج,2420000,"24,200,000",size_corrected,size_corrected,بازه اندازه از PDF ناقص بود و اصلاح شده — برای واردسازی ۱۰۰٪ قطعی نیست,لیست قیمت داسکوا 14050212.pdf,line:3581
1804-0110,Dasqua | داسکوا,نقاله زاویه یاب آلومینیویم — 0-110mm,زاویه سنج,2900000,"29,000,000",size_corrected,size_corrected,بازه اندازه از PDF ناقص بود و اصلاح شده — برای واردسازی ۱۰۰٪ قطعی نیست,لیست قیمت داسکوا 14050212.pdf,line:3732
1804-0205,Dasqua | داسکوا,نقاله زاویه یاب آلومینیویم — 0-205mm,زاویه سنج,1640000,"16,400,000",size_corrected,size_corrected,بازه اندازه از PDF ناقص بود و اصلاح شده — برای واردسازی ۱۰۰٪ قطعی نیست,لیست قیمت داسکوا 14050212.pdf,line:3737
1804-0305,Dasqua | داسکوا,خط کش زاویه سنج سه گوش — 0-305mm,زاویه سنج,1815000,"18,150,000",size_corrected,size_corrected,بازه اندازه از PDF ناقص بود و اصلاح شده — برای واردسازی ۱۰۰٪ قطعی نیست,لیست قیمت داسکوا 14050212.pdf,line:3742
1804-0308,Dasqua | داسکوا,گونیا تنظیم زاویه متغیی — 0-308mm,زاویه سنج,1815000,"18,150,000",size_corrected,size_corrected,بازه اندازه از PDF ناقص بود و اصلاح شده — برای واردسازی ۱۰۰٪ قطعی نیست,لیست قیمت داسکوا 14050212.pdf,line:3572
1804-0410,Dasqua | داسکوا,گیج عالمت گذاری حرفه ای — 0-410mm,انواع گیج,4755000,"47,550,000",size_corrected,size_corrected,بازه اندازه از PDF ناقص بود و اصلاح شده — برای واردسازی ۱۰۰٪ قطعی نیست,لیست قیمت داسکوا 14050212.pdf,line:3757
1804-0415,Dasqua | داسکوا,گیج عالمت گذاری حرفه ای — 0-415mm,انواع گیج,,,size_corrected|missing_price,price_missing|missing_price|size_corrected,قیمت معتبر (بیش از صفر) وجود ندارد؛ قیمت در PDF استخراج نشد؛ بازه اندازه از PDF ناقص بود و اصلاح شده — برای واردسازی ۱۰۰٪ قطعی نیست,لیست قیمت داسکوا 14050212.pdf,line:3762
1804-0420,Dasqua | داسکوا,ی خط کش استیل 3کاره ( خط کش ؛ عمق سنج و عالمت گذاری) ی — 0-420mm,عمق سنج,,,size_corrected|missing_price,price_missing|missing_price|size_corrected,قیمت معتبر (بیش از صفر) وجود ندارد؛ قیمت در PDF استخراج نشد؛ بازه اندازه از PDF ناقص بود و اصلاح شده — برای واردسازی ۱۰۰٪ قطعی نیست,لیست قیمت داسکوا 14050212.pdf,line:3769
1804-0505,Dasqua | داسکوا,گونیا تنظیم زاویه متغیی — 0-505mm,زاویه سنج,1970000,"19,700,000",size_corrected,size_corrected,بازه اندازه از PDF ناقص بود و اصلاح شده — برای واردسازی ۱۰۰٪ قطعی نیست,لیست قیمت داسکوا 14050212.pdf,line:3577
1804-0506,Dasqua | داسکوا,ی خط کش استیل 3کاره ( خط کش ؛ عمق سنج و عالمت گذاری) ی — 0-506mm,عمق سنج,1970000,"19,700,000",size_corrected,size_corrected,بازه اندازه از PDF ناقص بود و اصلاح شده — برای واردسازی ۱۰۰٪ قطعی نیست,لیست قیمت داسکوا 14050212.pdf,line:3780
1804-0610,Dasqua | داسکوا,ی خط کش استیل 3کاره ( خط کش ؛ عمق سنج و عالمت گذاری) ی — 0-610mm,عمق سنج,,,size_corrected|missing_price,price_missing|missing_price|size_corrected,قیمت معتبر (بیش از صفر) وجود ندارد؛ قیمت در PDF استخراج نشد؛ بازه اندازه از PDF ناقص بود و اصلاح شده — برای واردسازی ۱۰۰٪ قطعی نیست,لیست قیمت داسکوا 14050212.pdf,line:3788
1804-0706,Dasqua | داسکوا,ی خط کش استیل 3کاره ( خط کش ؛ عمق سنج و عالمت گذاری) ی — 0-706mm,عمق سنج,4555000,"45,550,000",size_corrected,size_corrected,بازه اندازه از PDF ناقص بود و اصلاح شده — برای واردسازی ۱۰۰٪ قطعی نیست,لیست قیمت داسکوا 14050212.pdf,line:3798
1804-0710,Dasqua | داسکوا,ی خط کش استیل 3کاره ( خط کش ؛ عمق سنج و عالمت گذاری) ی — 0-710mm,عمق سنج,2900000,"29,000,000",size_corrected,size_corrected,بازه اندازه از PDF ناقص بود و اصلاح شده — برای واردسازی ۱۰۰٪ قطعی نیست,لیست قیمت داسکوا 14050212.pdf,line:3793
1804-0805,Dasqua | داسکوا,ی خط کش استیل 3کاره ( خط کش ؛ عمق سنج و عالمت گذاری) ی — 0-805mm,عمق سنج,2695000,"26,950,000",size_corrected,size_corrected,بازه اندازه از PDF ناقص بود و اصلاح شده — برای واردسازی ۱۰۰٪ قطعی نیست,لیست قیمت داسکوا 14050212.pdf,line:3802
1804-0905,Dasqua | داسکوا,ی خط کش استیل 3کاره ( خط کش ؛ عمق سنج و عالمت گذاری) ی — 0-905mm,عمق سنج,1365000,"13,650,000",size_corrected,size_corrected,بازه اندازه از PDF ناقص بود و اصلاح شده — برای واردسازی ۱۰۰٪ قطعی نیست,لیست قیمت داسکوا 14050212.pdf,line:3806
1804-0910,Dasqua | داسکوا,ی خط کش استیل 3کاره ( خط کش ؛ عمق سنج و عالمت گذاری) ی — 0-910mm,عمق سنج,4120000,"41,200,000",size_corrected,size_corrected,بازه اندازه از PDF ناقص بود و اصلاح شده — برای واردسازی ۱۰۰٪ قطعی نیست,لیست قیمت داسکوا 14050212.pdf,line:3810
1804-1061,Dasqua | داسکوا,"1,336,200,000 ی ي سنج شور A,B,E,O,OO — 0-1061mm",سختی سنج لاستیک,,,missing_price,price_missing|missing_price,قیمت معتبر (بیش از صفر) وجود ندارد؛ قیمت در PDF استخراج نشد,لیست قیمت داسکوا 14050212.pdf,line:2717
1804-1134,Dasqua | داسکوا,ساعت رنیوسنج — 0-1134mm,ساعت اندیکاتور,,,missing_price,price_missing|missing_price,قیمت معتبر (بیش از صفر) وجود ندارد؛ قیمت در PDF استخراج نشد,لیست قیمت داسکوا 14050212.pdf,line:2906
1804-1136,Dasqua | داسکوا,ساعت رنیوسنج — 0-1136mm,ساعت اندیکاتور,,,missing_price,price_missing|missing_price,قیمت معتبر (بیش از صفر) وجود ندارد؛ قیمت در PDF استخراج نشد,لیست قیمت داسکوا 14050212.pdf,line:2907
1804-1180,Dasqua | داسکوا,رنیو سنج دیجیتال — 0-1180mm,ساعت اندیکاتور,,,missing_price,price_missing|missing_price,قیمت معتبر (بیش از صفر) وجود ندارد؛ قیمت در PDF استخراج نشد,لیست قیمت داسکوا 14050212.pdf,line:2916
1804-1185,Dasqua | داسکوا,رنیو سنج دیجیتال — 0-1185mm,ساعت اندیکاتور,,,missing_price,price_missing|missing_price,قیمت معتبر (بیش از صفر) وجود ندارد؛ قیمت در PDF استخراج نشد,لیست قیمت داسکوا 14050212.pdf,line:2917
1804-2410,Dasqua | داسکوا,ی ي Shore A,سختی سنج لاستیک,26120000,"261,200,000",weak_name,weak_name,نام محصول ناقص است — توضیح کافی در PDF نیست,لیست قیمت داسکوا 14050212.pdf,line:2667
1804-2415,Dasqua | داسکوا,ی ي Shore C,سختی سنج لاستیک,29835000,"298,350,000",weak_name,weak_name,نام محصول ناقص است — توضیح کافی در PDF نیست,لیست قیمت داسکوا 14050212.pdf,line:2672
1804-3607,Dasqua | داسکوا,"1,336,200,000 ی ي سنج شور A,B,E,O,OO",سختی سنج لاستیک,,,missing_price,price_missing|missing_price,قیمت معتبر (بیش از صفر) وجود ندارد؛ قیمت در PDF استخراج نشد,لیست قیمت داسکوا 14050212.pdf,line:2735
1804-4612,Dasqua | داسکوا,ی سنج پالستیک و الستیک و ...دیجیتال,سختی سنج لاستیک,,,missing_price,price_missing|missing_price,قیمت معتبر (بیش از صفر) وجود ندارد؛ قیمت در PDF استخراج نشد,لیست قیمت داسکوا 14050212.pdf,line:2708
1804-4617,Dasqua | داسکوا,ی سنج پالستیک و الستیک و ...دیجیتال,سختی سنج لاستیک,,,missing_price,price_missing|missing_price,قیمت معتبر (بیش از صفر) وجود ندارد؛ قیمت در PDF استخراج نشد,لیست قیمت داسکوا 14050212.pdf,line:2709
1804-5551,Dasqua | داسکوا,گونیا تنظیم زاویه متغیی,زاویه سنج,,,missing_price|duplicate_sku_merged|duplicate_sku_in_pdf,price_missing|missing_price|duplicate_sku_in_pdf|duplicate_sku_merged,قیمت معتبر (بیش از صفر) وجود ندارد؛ قیمت در PDF استخراج نشد؛ این SKU چند بار در PDF آمده — احتمال تداخل قیمت/مشخصات؛ SKU تکراری در PDF ادغام شده — برای واردسازی قطعی مناسب نیست,لیست قیمت داسکوا 14050212.pdf,line:3592
1804-5552,Dasqua | داسکوا,گونیا تنظیم زاویه متغیی,زاویه سنج,,,missing_price|duplicate_sku_merged|duplicate_sku_in_pdf,price_missing|missing_price|duplicate_sku_in_pdf|duplicate_sku_merged,قیمت معتبر (بیش از صفر) وجود ندارد؛ قیمت در PDF استخراج نشد؛ این SKU چند بار در PDF آمده — احتمال تداخل قیمت/مشخصات؛ SKU تکراری در PDF ادغام شده — برای واردسازی قطعی مناسب نیست,لیست قیمت داسکوا 14050212.pdf,line:3598
1804-5661,Dasqua | داسکوا,گونیا تنظیم زاویه متغیی,زاویه سنج,2285000,"22,850,000",duplicate_sku_merged|duplicate_sku_in_pdf,duplicate_sku_in_pdf|duplicate_sku_merged,این SKU چند بار در PDF آمده — احتمال تداخل قیمت/مشخصات؛ SKU تکراری در PDF ادغام شده — برای واردسازی قطعی مناسب نیست,لیست قیمت داسکوا 14050212.pdf,line:3606
1804-5772,Dasqua | داسکوا,گونیا تنظیم زاویه متغیی,زاویه سنج,,,missing_price,price_missing|missing_price,قیمت معتبر (بیش از صفر) وجود ندارد؛ قیمت در PDF استخراج نشد,لیست قیمت داسکوا 14050212.pdf,line:3630
1804-5776,Dasqua | داسکوا,گونیا تنظیم زاویه متغیی,زاویه سنج,,,missing_price,price_missing|missing_price,قیمت معتبر (بیش از صفر) وجود ندارد؛ قیمت در PDF استخراج نشد,لیست قیمت داسکوا 14050212.pdf,line:3633
1804-5778,Dasqua | داسکوا,گونیا تنظیم زاویه متغیی,زاویه سنج,,,missing_price,price_missing|missing_price,قیمت معتبر (بیش از صفر) وجود ندارد؛ قیمت در PDF استخراج نشد,لیست قیمت داسکوا 14050212.pdf,line:3642
1804-6551,Dasqua | داسکوا,گونیا تنظیم زاویه متغیی,زاویه سنج,,,missing_price,price_missing|missing_price,قیمت معتبر (بیش از صفر) وجود ندارد؛ قیمت در PDF استخراج نشد,لیست قیمت داسکوا 14050212.pdf,line:3673
1817-0100,Dasqua | داسکوا,ساعت مرکزیاب 1 — 10 سانت,ساعت اندیکاتور,735000,"7,350,000",size_corrected,size_corrected,بازه اندازه از PDF ناقص بود و اصلاح شده — برای واردسازی ۱۰۰٪ قطعی نیست,لیست قیمت داسکوا 14050212.pdf,line:2427
1820-0100,Dasqua | داسکوا,ساعت مرکزیاب 1 — 10 سانت,ساعت اندیکاتور,760000,"7,600,000",size_corrected,size_corrected,بازه اندازه از PDF ناقص بود و اصلاح شده — برای واردسازی ۱۰۰٪ قطعی نیست,لیست قیمت داسکوا 14050212.pdf,line:2434
1820-0150,Dasqua | داسکوا,ساعت مرکزیاب 1 — 15 سانت,ساعت اندیکاتور,1190000,"11,900,000",size_corrected,size_corrected,بازه اندازه از PDF ناقص بود و اصلاح شده — برای واردسازی ۱۰۰٪ قطعی نیست,لیست قیمت داسکوا 14050212.pdf,line:2448
1820-0200,Dasqua | داسکوا,ساعت مرکزیاب 1 — 20 سانت,ساعت اندیکاتور,1535000,"15,350,000",size_corrected,size_corrected,بازه اندازه از PDF ناقص بود و اصلاح شده — برای واردسازی ۱۰۰٪ قطعی نیست,لیست قیمت داسکوا 14050212.pdf,line:2455
1820-0300,Dasqua | داسکوا,ساعت مرکزیاب 1 — 30 سانت,ساعت اندیکاتور,2365000,"23,650,000",size_corrected,size_corrected,بازه اندازه از PDF ناقص بود و اصلاح شده — برای واردسازی ۱۰۰٪ قطعی نیست,لیست قیمت داسکوا 14050212.pdf,line:2462
1820-0500,Dasqua | داسکوا,ساعت مرکزیاب 1 — 50 سانت,ساعت اندیکاتور,3720000,"37,200,000",size_corrected,size_corrected,بازه اندازه از PDF ناقص بود و اصلاح شده — برای واردسازی ۱۰۰٪ قطعی نیست,لیست قیمت داسکوا 14050212.pdf,line:2469
1832-0100,Dasqua | داسکوا,ساعت مرکزیاب 1 — 10 سانت,ساعت اندیکاتور,1035000,"10,350,000",size_corrected,size_corrected,بازه اندازه از PDF ناقص بود و اصلاح شده — برای واردسازی ۱۰۰٪ قطعی نیست,لیست قیمت داسکوا 14050212.pdf,line:2441
2016-0005,Dasqua | داسکوا,کولیس دیجیتال یونیت فلزی ضدآب و — 0-150mm,انواع کولیس,,,missing_price,price_missing|missing_price,قیمت معتبر (بیش از صفر) وجود ندارد؛ قیمت در PDF استخراج نشد,لیست قیمت داسکوا 14050212.pdf,line:134
2016-0015,Dasqua | داسکوا,کولیس دیجیتال یونیت فلزی ضدآب و — 0-300mm,انواع کولیس,,,missing_price,price_missing|missing_price,قیمت معتبر (بیش از صفر) وجود ندارد؛ قیمت در PDF استخراج نشد,لیست قیمت داسکوا 14050212.pdf,line:138
2100-0215,Dasqua | داسکوا,کولیس شعاع سنج دیجیتال — 0-215mm,شعاع سنج(R),40515000,"405,150,000",size_corrected,size_corrected,بازه اندازه از PDF ناقص بود و اصلاح شده — برای واردسازی ۱۰۰٪ قطعی نیست,لیست قیمت داسکوا 14050212.pdf,line:315
4005-0105,Dasqua | داسکوا,/ میکرومیی داخل سنج دیجیتال دو فک — 0-105mm,انواع میکرومتر,67855000,"678,550,000",size_corrected,size_corrected,بازه اندازه از PDF ناقص بود و اصلاح شده — برای واردسازی ۱۰۰٪ قطعی نیست,لیست قیمت داسکوا 14050212.pdf,line:978
4111-8203,Dasqua | داسکوا,میکرومی خارج صندوق ست — 0-300mm,انواع میکرومتر,,,missing_price,price_missing|missing_price,قیمت معتبر (بیش از صفر) وجود ندارد؛ قیمت در PDF استخراج نشد,لیست قیمت داسکوا 14050212.pdf,line:609
4111-8215,Dasqua | داسکوا,میکرومی خارج صندوق ست — 0-150mm,انواع میکرومتر,,,missing_price,price_missing|missing_price,قیمت معتبر (بیش از صفر) وجود ندارد؛ قیمت در PDF استخراج نشد,لیست قیمت داسکوا 14050212.pdf,line:608
4112-7455,Dasqua | داسکوا,میکرومی خارج 13 — 0-275mm,انواع میکرومتر,,,missing_price,price_missing|missing_price,قیمت معتبر (بیش از صفر) وجود ندارد؛ قیمت در PDF استخراج نشد,لیست قیمت داسکوا 14050212.pdf,line:584
4112-7460,Dasqua | داسکوا,میکرومی خارج 16,انواع میکرومتر,,,missing_price,price_missing|missing_price,قیمت معتبر (بیش از صفر) وجود ندارد؛ قیمت در PDF استخراج نشد,لیست قیمت داسکوا 14050212.pdf,line:590
4311-8105,Dasqua | داسکوا,میکرومی 1,انواع میکرومتر,9480000,"94,800,000",weak_name,weak_name,نام محصول ناقص است — توضیح کافی در PDF نیست,لیست قیمت داسکوا 14050212.pdf,line:921
4320-2005,Dasqua | داسکوا,میکرومی دیسیک دیجیتال — 0-25mm/0-1,انواع میکرومتر,,,missing_price,price_missing|missing_price,قیمت معتبر (بیش از صفر) وجود ندارد؛ قیمت در PDF استخراج نشد,لیست قیمت داسکوا 14050212.pdf,line:1298
4320-2010,Dasqua | داسکوا,میکرومی 1,انواع میکرومتر,,,weak_name|missing_price,price_missing|missing_price|weak_name,قیمت معتبر (بیش از صفر) وجود ندارد؛ قیمت در PDF استخراج نشد؛ نام محصول ناقص است — توضیح کافی در PDF نیست,لیست قیمت داسکوا 14050212.pdf,line:1302
4320-2015,Dasqua | داسکوا,میکرومی 1 — 0-75mm/2-3,انواع میکرومتر,,,missing_price,price_missing|missing_price,قیمت معتبر (بیش از صفر) وجود ندارد؛ قیمت در PDF استخراج نشد,لیست قیمت داسکوا 14050212.pdf,line:1305
4320-2020,Dasqua | داسکوا,میکرومی 1,انواع میکرومتر,47295000,"472,950,000",weak_name,weak_name,نام محصول ناقص است — توضیح کافی در PDF نیست,لیست قیمت داسکوا 14050212.pdf,line:1308
4331-0105,Dasqua | داسکوا,/6/5mm ی دیجیتال جهت رسی — 0-25mm,قطعات یدکی,51410000,"514,100,000",category_unmapped|category_fallback,category_low_confidence|category_fallback|category_unmapped,دسته‌بندی با اطمینان پایین تشخیص داده شد؛ دسته‌بندی با حدس به «قطعات یدکی» نسبت داده شد؛ دسته‌بندی از متن PDF قابل تشخیص نبود,لیست قیمت داسکوا 14050212.pdf,line:1485
4511-9220,Dasqua | داسکوا,میکرومی داخل دیجیتال سه فک ست 3,انواع میکرومتر,,,missing_price,price_missing|missing_price,قیمت معتبر (بیش از صفر) وجود ندارد؛ قیمت در PDF استخراج نشد,لیست قیمت داسکوا 14050212.pdf,line:1254
4560-0001,Dasqua | داسکوا,میکرومی چرخ دنده پراپ — 0-10mm,انواع میکرومتر,,,missing_price,price_missing|missing_price,قیمت معتبر (بیش از صفر) وجود ندارد؛ قیمت در PDF استخراج نشد,لیست قیمت داسکوا 14050212.pdf,line:1348
4560-0002,Dasqua | داسکوا,میکرومی چرخ دنده پراپ 1 — 0-20mm,انواع میکرومتر,,,missing_price,price_missing|missing_price,قیمت معتبر (بیش از صفر) وجود ندارد؛ قیمت در PDF استخراج نشد,لیست قیمت داسکوا 14050212.pdf,line:1351
4560-0003,Dasqua | داسکوا,میکرومی چرخ دنده پراپ 2 — 0-30mm,انواع میکرومتر,,,missing_price,price_missing|missing_price,قیمت معتبر (بیش از صفر) وجود ندارد؛ قیمت در PDF استخراج نشد,لیست قیمت داسکوا 14050212.pdf,line:1354
4560-0004,Dasqua | داسکوا,پراپ میکرومی 3 — 0-40mm,انواع میکرومتر,,,missing_price,price_missing|missing_price,قیمت معتبر (بیش از صفر) وجود ندارد؛ قیمت در PDF استخراج نشد,لیست قیمت داسکوا 14050212.pdf,line:1357
4560-0005,Dasqua | داسکوا,میکرومی چرخ دنده پراپ 4 — 0-50mm,انواع میکرومتر,,,missing_price,price_missing|missing_price,قیمت معتبر (بیش از صفر) وجود ندارد؛ قیمت در PDF استخراج نشد,لیست قیمت داسکوا 14050212.pdf,line:1360
4560-0006,Dasqua | داسکوا,میکرومی چرخ دنده پراپ 5 — 0-60mm,انواع میکرومتر,,,missing_price,price_missing|missing_price,قیمت معتبر (بیش از صفر) وجود ندارد؛ قیمت در PDF استخراج نشد,لیست قیمت داسکوا 14050212.pdf,line:1363
4560-0007,Dasqua | داسکوا,پراپ میکرومی 6 — 0-70mm,انواع میکرومتر,,,missing_price,price_missing|missing_price,قیمت معتبر (بیش از صفر) وجود ندارد؛ قیمت در PDF استخراج نشد,لیست قیمت داسکوا 14050212.pdf,line:1366
4560-0008,Dasqua | داسکوا,میکرومی چرخ دنده پراپ 7 — 0-80mm,انواع میکرومتر,,,missing_price,price_missing|missing_price,قیمت معتبر (بیش از صفر) وجود ندارد؛ قیمت در PDF استخراج نشد,لیست قیمت داسکوا 14050212.pdf,line:1369
4560-0009,Dasqua | داسکوا,میکرومی چرخ دنده پراپ 8 — 0-90mm,انواع میکرومتر,,,missing_price,price_missing|missing_price,قیمت معتبر (بیش از صفر) وجود ندارد؛ قیمت در PDF استخراج نشد,لیست قیمت داسکوا 14050212.pdf,line:1372
4560-0010,Dasqua | داسکوا,پراپ میکرومی 9 — 0-100mm,انواع میکرومتر,,,missing_price,price_missing|missing_price,قیمت معتبر (بیش از صفر) وجود ندارد؛ قیمت در PDF استخراج نشد,لیست قیمت داسکوا 14050212.pdf,line:1375
4560-0011,Dasqua | داسکوا,میکرومی چرخ دنده پراپ 10 — 0-110mm,انواع میکرومتر,,,missing_price,price_missing|missing_price,قیمت معتبر (بیش از صفر) وجود ندارد؛ قیمت در PDF استخراج نشد,لیست قیمت داسکوا 14050212.pdf,line:1378
4560-5501,Dasqua | داسکوا,میکرومی پیچ پراپ 6,انواع میکرومتر,,,missing_price,price_missing|missing_price,قیمت معتبر (بیش از صفر) وجود ندارد؛ قیمت در PDF استخراج نشد,لیست قیمت داسکوا 14050212.pdf,line:1424
4560-5502,Dasqua | داسکوا,میکرومی پیچ پراپ 7,انواع میکرومتر,,,missing_price,price_missing|missing_price,قیمت معتبر (بیش از صفر) وجود ندارد؛ قیمت در PDF استخراج نشد,لیست قیمت داسکوا 14050212.pdf,line:1426
4560-5503,Dasqua | داسکوا,پراپ میکرومی 8,انواع میکرومتر,,,missing_price,price_missing|missing_price,قیمت معتبر (بیش از صفر) وجود ندارد؛ قیمت در PDF استخراج نشد,لیست قیمت داسکوا 14050212.pdf,line:1428
4560-5504,Dasqua | داسکوا,پراپ میکرومی 9,انواع میکرومتر,,,missing_price,price_missing|missing_price,قیمت معتبر (بیش از صفر) وجود ندارد؛ قیمت در PDF استخراج نشد,لیست قیمت داسکوا 14050212.pdf,line:1430
4560-5505,Dasqua | داسکوا,پراپ میکرومی 10,انواع میکرومتر,,,missing_price,price_missing|missing_price,قیمت معتبر (بیش از صفر) وجود ندارد؛ قیمت در PDF استخراج نشد,لیست قیمت داسکوا 14050212.pdf,line:1432
4560-5506,Dasqua | داسکوا,میکرومی پیچ پراپ 11,انواع میکرومتر,,,missing_price,price_missing|missing_price,قیمت معتبر (بیش از صفر) وجود ندارد؛ قیمت در PDF استخراج نشد,لیست قیمت داسکوا 14050212.pdf,line:1434
4560-5507,Dasqua | داسکوا,میکرومی پیچ پراپ 12,انواع میکرومتر,,,missing_price,price_missing|missing_price,قیمت معتبر (بیش از صفر) وجود ندارد؛ قیمت در PDF استخراج نشد,لیست قیمت داسکوا 14050212.pdf,line:1436
4560-5508,Dasqua | داسکوا,میکرومی پیچ پراپ 13,انواع میکرومتر,,,missing_price,price_missing|missing_price,قیمت معتبر (بیش از صفر) وجود ندارد؛ قیمت در PDF استخراج نشد,لیست قیمت داسکوا 14050212.pdf,line:1438
4560-5509,Dasqua | داسکوا,میکرومی پیچ پراپ 14,انواع میکرومتر,,,missing_price,price_missing|missing_price,قیمت معتبر (بیش از صفر) وجود ندارد؛ قیمت در PDF استخراج نشد,لیست قیمت داسکوا 14050212.pdf,line:1440
4560-5510,Dasqua | داسکوا,میکرومی پیچ پراپ 15,انواع میکرومتر,,,missing_price,price_missing|missing_price,قیمت معتبر (بیش از صفر) وجود ندارد؛ قیمت در PDF استخراج نشد,لیست قیمت داسکوا 14050212.pdf,line:1442
4560-6001,Dasqua | داسکوا,پراپ میکرومی,انواع میکرومتر,,,missing_price,price_missing|missing_price,قیمت معتبر (بیش از صفر) وجود ندارد؛ قیمت در PDF استخراج نشد,لیست قیمت داسکوا 14050212.pdf,line:1412
4560-6002,Dasqua | داسکوا,پراپ میکرومی,انواع میکرومتر,,,missing_price,price_missing|missing_price,قیمت معتبر (بیش از صفر) وجود ندارد؛ قیمت در PDF استخراج نشد,لیست قیمت داسکوا 14050212.pdf,line:1413
4560-6003,Dasqua | داسکوا,میکرومی پیچ پراپ,انواع میکرومتر,,,missing_price,price_missing|missing_price,قیمت معتبر (بیش از صفر) وجود ندارد؛ قیمت در PDF استخراج نشد,لیست قیمت داسکوا 14050212.pdf,line:1417
4560-6004,Dasqua | داسکوا,میکرومی پیچ پراپ,انواع میکرومتر,,,missing_price,price_missing|missing_price,قیمت معتبر (بیش از صفر) وجود ندارد؛ قیمت در PDF استخراج نشد,لیست قیمت داسکوا 14050212.pdf,line:1419
4560-6005,Dasqua | داسکوا,میکرومی پیچ پراپ,انواع میکرومتر,,,missing_price,price_missing|missing_price,قیمت معتبر (بیش از صفر) وجود ندارد؛ قیمت در PDF استخراج نشد,لیست قیمت داسکوا 14050212.pdf,line:1421
4560-6006,Dasqua | داسکوا,میکرومی پیچ پراپ,انواع میکرومتر,,,missing_price,price_missing|missing_price,قیمت معتبر (بیش از صفر) وجود ندارد؛ قیمت در PDF استخراج نشد,لیست قیمت داسکوا 14050212.pdf,line:1422
4611-8129,Dasqua | داسکوا,ی عمق سنج صلیت با میله میکرومی — 0-200mm,انواع میکرومتر,,,missing_price,price_missing|missing_price,قیمت معتبر (بیش از صفر) وجود ندارد؛ قیمت در PDF استخراج نشد,لیست قیمت داسکوا 14050212.pdf,line:850
4611-8130,Dasqua | داسکوا,میکرومی عمق سنج صلیت — 0-300mm,انواع میکرومتر,,,missing_price,price_missing|missing_price,قیمت معتبر (بیش از صفر) وجود ندارد؛ قیمت در PDF استخراج نشد,لیست قیمت داسکوا 14050212.pdf,line:856
4911-8110,Dasqua | داسکوا,میکرومی 2,انواع میکرومتر,10290000,"102,900,000",weak_name,weak_name,نام محصول ناقص است — توضیح کافی در PDF نیست,لیست قیمت داسکوا 14050212.pdf,line:923
4911-8145,Dasqua | داسکوا,میکرومی 8,انواع میکرومتر,32900000,"329,000,000",weak_name,weak_name,نام محصول ناقص است — توضیح کافی در PDF نیست,لیست قیمت داسکوا 14050212.pdf,line:935
5840-6250,Dasqua | داسکوا,ضخامت سنج دیجیتال برای ضخامت — 0-10mm/,عمق سنج,,,missing_price,price_missing|missing_price,قیمت معتبر (بیش از صفر) وجود ندارد؛ قیمت در PDF استخراج نشد,لیست قیمت داسکوا 14050212.pdf,line:2014
5841-1115,Dasqua | داسکوا,ساعت ضخامت سنج — 0-1115mm,ساعت اندیکاتور,,,missing_price,price_missing|missing_price,قیمت معتبر (بیش از صفر) وجود ندارد؛ قیمت در PDF استخراج نشد,لیست قیمت داسکوا 14050212.pdf,line:1992
5841-1120,Dasqua | داسکوا,ساعت ضخامت سنج 1 — 0-1120mm,ساعت اندیکاتور,,,missing_price,price_missing|missing_price,قیمت معتبر (بیش از صفر) وجود ندارد؛ قیمت در PDF استخراج نشد,لیست قیمت داسکوا 14050212.pdf,line:1995
5841-1125,Dasqua | داسکوا,ضخامت سنج ساعت 2 — 0-1125mm,ساعت اندیکاتور,,,missing_price,price_missing|missing_price,قیمت معتبر (بیش از صفر) وجود ندارد؛ قیمت در PDF استخراج نشد,لیست قیمت داسکوا 14050212.pdf,line:1998
5841-8105,Dasqua | داسکوا,ی ) ضخامت سنج 1 — 0-10mm,عمق سنج,8635000,"86,350,000",duplicate_sku_merged|duplicate_sku_in_pdf,duplicate_sku_in_pdf|duplicate_sku_merged,این SKU چند بار در PDF آمده — احتمال تداخل قیمت/مشخصات؛ SKU تکراری در PDF ادغام شده — برای واردسازی قطعی مناسب نیست,لیست قیمت داسکوا 14050212.pdf,line:1960
5841-8110,Dasqua | داسکوا,ساعت ضخامت سنج — 0-10mm,ساعت اندیکاتور,455000,"4,550,000",duplicate_sku_merged|duplicate_sku_in_pdf,duplicate_sku_in_pdf|duplicate_sku_merged,این SKU چند بار در PDF آمده — احتمال تداخل قیمت/مشخصات؛ SKU تکراری در PDF ادغام شده — برای واردسازی قطعی مناسب نیست,لیست قیمت داسکوا 14050212.pdf,line:1955
5841-8115,Dasqua | داسکوا,ساعت (عمق گلو 30 ضخامت سنج — 0-1mm,ساعت اندیکاتور,,,missing_price,price_missing|missing_price,قیمت معتبر (بیش از صفر) وجود ندارد؛ قیمت در PDF استخراج نشد,لیست قیمت داسکوا 14050212.pdf,line:2029
5841-9110,Dasqua | داسکوا,ضخامت سنج دیجیتال برای ضخامت — 0-10mm,عمق سنج,,,missing_price,price_missing|missing_price,قیمت معتبر (بیش از صفر) وجود ندارد؛ قیمت در PDF استخراج نشد,لیست قیمت داسکوا 14050212.pdf,line:2017
6510-0001,Dasqua | داسکوا,گیج رینیک برو — 0-10mm,انواع گیج,4955000,"49,550,000",duplicate_sku_merged|duplicate_sku_in_pdf,duplicate_sku_in_pdf|duplicate_sku_merged,این SKU چند بار در PDF آمده — احتمال تداخل قیمت/مشخصات؛ SKU تکراری در PDF ادغام شده — برای واردسازی قطعی مناسب نیست,لیست قیمت داسکوا 14050212.pdf,line:3335
6510-0002,Dasqua | داسکوا,گیج رینیک برو — 0-20mm,انواع گیج,4955000,"49,550,000",duplicate_sku_merged|duplicate_sku_in_pdf,duplicate_sku_in_pdf|duplicate_sku_merged,این SKU چند بار در PDF آمده — احتمال تداخل قیمت/مشخصات؛ SKU تکراری در PDF ادغام شده — برای واردسازی قطعی مناسب نیست,لیست قیمت داسکوا 14050212.pdf,line:3343
6510-0003,Dasqua | داسکوا,گیج رینیک برو — 0-30mm,انواع گیج,4955000,"49,550,000",duplicate_sku_merged|duplicate_sku_in_pdf,duplicate_sku_in_pdf|duplicate_sku_merged,این SKU چند بار در PDF آمده — احتمال تداخل قیمت/مشخصات؛ SKU تکراری در PDF ادغام شده — برای واردسازی قطعی مناسب نیست,لیست قیمت داسکوا 14050212.pdf,line:3347
6510-0004,Dasqua | داسکوا,گیج رینیک برو — 0-40mm,انواع گیج,4120000,"41,200,000",duplicate_sku_merged|duplicate_sku_in_pdf,duplicate_sku_in_pdf|duplicate_sku_merged,این SKU چند بار در PDF آمده — احتمال تداخل قیمت/مشخصات؛ SKU تکراری در PDF ادغام شده — برای واردسازی قطعی مناسب نیست,لیست قیمت داسکوا 14050212.pdf,line:3351
6510-0005,Dasqua | داسکوا,گیج رینیک برو — 0-50mm,انواع گیج,4450000,"44,500,000",duplicate_sku_merged|duplicate_sku_in_pdf,duplicate_sku_in_pdf|duplicate_sku_merged,این SKU چند بار در PDF آمده — احتمال تداخل قیمت/مشخصات؛ SKU تکراری در PDF ادغام شده — برای واردسازی قطعی مناسب نیست,لیست قیمت داسکوا 14050212.pdf,line:3355
6510-0006,Dasqua | داسکوا,گیج رینیک برو — 0-60mm,انواع گیج,4650000,"46,500,000",duplicate_sku_merged|duplicate_sku_in_pdf,duplicate_sku_in_pdf|duplicate_sku_merged,این SKU چند بار در PDF آمده — احتمال تداخل قیمت/مشخصات؛ SKU تکراری در PDF ادغام شده — برای واردسازی قطعی مناسب نیست,لیست قیمت داسکوا 14050212.pdf,line:3359
6510-0007,Dasqua | داسکوا,گیج رینیک برو — 0-70mm,انواع گیج,4120000,"41,200,000",duplicate_sku_merged|duplicate_sku_in_pdf,duplicate_sku_in_pdf|duplicate_sku_merged,این SKU چند بار در PDF آمده — احتمال تداخل قیمت/مشخصات؛ SKU تکراری در PDF ادغام شده — برای واردسازی قطعی مناسب نیست,لیست قیمت داسکوا 14050212.pdf,line:3363
6510-0008,Dasqua | داسکوا,گیج رینیک برو — 0-80mm,انواع گیج,4555000,"45,550,000",duplicate_sku_merged|duplicate_sku_in_pdf,duplicate_sku_in_pdf|duplicate_sku_merged,این SKU چند بار در PDF آمده — احتمال تداخل قیمت/مشخصات؛ SKU تکراری در PDF ادغام شده — برای واردسازی قطعی مناسب نیست,لیست قیمت داسکوا 14050212.pdf,line:3367
6510-0009,Dasqua | داسکوا,گیج رینیک برو — 0-90mm,انواع گیج,4650000,"46,500,000",duplicate_sku_merged|duplicate_sku_in_pdf,duplicate_sku_in_pdf|duplicate_sku_merged,این SKU چند بار در PDF آمده — احتمال تداخل قیمت/مشخصات؛ SKU تکراری در PDF ادغام شده — برای واردسازی قطعی مناسب نیست,لیست قیمت داسکوا 14050212.pdf,line:3371
6510-0010,Dasqua | داسکوا,گیج رینیک برو — 0-100mm,انواع گیج,5380000,"53,800,000",duplicate_sku_merged|duplicate_sku_in_pdf,duplicate_sku_in_pdf|duplicate_sku_merged,این SKU چند بار در PDF آمده — احتمال تداخل قیمت/مشخصات؛ SKU تکراری در PDF ادغام شده — برای واردسازی قطعی مناسب نیست,لیست قیمت داسکوا 14050212.pdf,line:3375
6510-0011,Dasqua | داسکوا,گیج رینیک برو — 0-110mm,انواع گیج,6175000,"61,750,000",duplicate_sku_merged|duplicate_sku_in_pdf,duplicate_sku_in_pdf|duplicate_sku_merged,این SKU چند بار در PDF آمده — احتمال تداخل قیمت/مشخصات؛ SKU تکراری در PDF ادغام شده — برای واردسازی قطعی مناسب نیست,لیست قیمت داسکوا 14050212.pdf,line:3315
6510-0012,Dasqua | داسکوا,گیج رینیک برو — 0-120mm,انواع گیج,6175000,"61,750,000",duplicate_sku_merged|duplicate_sku_in_pdf,duplicate_sku_in_pdf|duplicate_sku_merged,این SKU چند بار در PDF آمده — احتمال تداخل قیمت/مشخصات؛ SKU تکراری در PDF ادغام شده — برای واردسازی قطعی مناسب نیست,لیست قیمت داسکوا 14050212.pdf,line:3319
6510-0013,Dasqua | داسکوا,گیج رینیک برو — 0-130mm,انواع گیج,6175000,"61,750,000",duplicate_sku_merged|duplicate_sku_in_pdf,duplicate_sku_in_pdf|duplicate_sku_merged,این SKU چند بار در PDF آمده — احتمال تداخل قیمت/مشخصات؛ SKU تکراری در PDF ادغام شده — برای واردسازی قطعی مناسب نیست,لیست قیمت داسکوا 14050212.pdf,line:3323
6510-0014,Dasqua | داسکوا,گیج رینیک برو — 0-140mm,انواع گیج,5570000,"55,700,000",duplicate_sku_merged|duplicate_sku_in_pdf,duplicate_sku_in_pdf|duplicate_sku_merged,این SKU چند بار در PDF آمده — احتمال تداخل قیمت/مشخصات؛ SKU تکراری در PDF ادغام شده — برای واردسازی قطعی مناسب نیست,لیست قیمت داسکوا 14050212.pdf,line:3327
6510-0015,Dasqua | داسکوا,گیج رینیک برو — 0-150mm,انواع گیج,5365000,"53,650,000",duplicate_sku_merged|duplicate_sku_in_pdf,duplicate_sku_in_pdf|duplicate_sku_merged,این SKU چند بار در PDF آمده — احتمال تداخل قیمت/مشخصات؛ SKU تکراری در PDF ادغام شده — برای واردسازی قطعی مناسب نیست,لیست قیمت داسکوا 14050212.pdf,line:3331
6510-0016,Dasqua | داسکوا,گیج رینیک برو — 0-160mm,انواع گیج,4955000,"49,550,000",duplicate_sku_merged|duplicate_sku_in_pdf,duplicate_sku_in_pdf|duplicate_sku_merged,این SKU چند بار در PDF آمده — احتمال تداخل قیمت/مشخصات؛ SKU تکراری در PDF ادغام شده — برای واردسازی قطعی مناسب نیست,لیست قیمت داسکوا 14050212.pdf,line:3339
6510-0017,Dasqua | داسکوا,گیج رینیک برو — 0-170mm,انواع گیج,5480000,"54,800,000",duplicate_sku_merged|duplicate_sku_in_pdf,duplicate_sku_in_pdf|duplicate_sku_merged,این SKU چند بار در PDF آمده — احتمال تداخل قیمت/مشخصات؛ SKU تکراری در PDF ادغام شده — برای واردسازی قطعی مناسب نیست,لیست قیمت داسکوا 14050212.pdf,line:3379
6510-0018,Dasqua | داسکوا,گیج رینیک برو — 0-180mm,انواع گیج,5480000,"54,800,000",duplicate_sku_merged|duplicate_sku_in_pdf,duplicate_sku_in_pdf|duplicate_sku_merged,این SKU چند بار در PDF آمده — احتمال تداخل قیمت/مشخصات؛ SKU تکراری در PDF ادغام شده — برای واردسازی قطعی مناسب نیست,لیست قیمت داسکوا 14050212.pdf,line:3383
6510-0019,Dasqua | داسکوا,گیج رینیک برو — 0-190mm,انواع گیج,6175000,"61,750,000",duplicate_sku_merged|duplicate_sku_in_pdf,duplicate_sku_in_pdf|duplicate_sku_merged,این SKU چند بار در PDF آمده — احتمال تداخل قیمت/مشخصات؛ SKU تکراری در PDF ادغام شده — برای واردسازی قطعی مناسب نیست,لیست قیمت داسکوا 14050212.pdf,line:3387
6510-0020,Dasqua | داسکوا,گیج رینیک برو — 0-200mm,انواع گیج,6175000,"61,750,000",duplicate_sku_merged|duplicate_sku_in_pdf,duplicate_sku_in_pdf|duplicate_sku_merged,این SKU چند بار در PDF آمده — احتمال تداخل قیمت/مشخصات؛ SKU تکراری در PDF ادغام شده — برای واردسازی قطعی مناسب نیست,لیست قیمت داسکوا 14050212.pdf,line:3391
6510-0021,Dasqua | داسکوا,گیج رینیک برو — 0-210mm,انواع گیج,8235000,"82,350,000",duplicate_sku_merged|duplicate_sku_in_pdf,duplicate_sku_in_pdf|duplicate_sku_merged,این SKU چند بار در PDF آمده — احتمال تداخل قیمت/مشخصات؛ SKU تکراری در PDF ادغام شده — برای واردسازی قطعی مناسب نیست,لیست قیمت داسکوا 14050212.pdf,line:3395
6510-0022,Dasqua | داسکوا,گیج رینیک برو — 0-220mm,انواع گیج,8450000,"84,500,000",duplicate_sku_merged|duplicate_sku_in_pdf,duplicate_sku_in_pdf|duplicate_sku_merged,این SKU چند بار در PDF آمده — احتمال تداخل قیمت/مشخصات؛ SKU تکراری در PDF ادغام شده — برای واردسازی قطعی مناسب نیست,لیست قیمت داسکوا 14050212.pdf,line:3399
6510-0023,Dasqua | داسکوا,گیج رینیک برو — 0-230mm,انواع گیج,11115000,"111,150,000",duplicate_sku_merged|duplicate_sku_in_pdf,duplicate_sku_in_pdf|duplicate_sku_merged,این SKU چند بار در PDF آمده — احتمال تداخل قیمت/مشخصات؛ SKU تکراری در PDF ادغام شده — برای واردسازی قطعی مناسب نیست,لیست قیمت داسکوا 14050212.pdf,line:3409
6510-0024,Dasqua | داسکوا,گیج رینیک برو — 0-240mm,انواع گیج,11735000,"117,350,000",duplicate_sku_merged|duplicate_sku_in_pdf,duplicate_sku_in_pdf|duplicate_sku_merged,این SKU چند بار در PDF آمده — احتمال تداخل قیمت/مشخصات؛ SKU تکراری در PDF ادغام شده — برای واردسازی قطعی مناسب نیست,لیست قیمت داسکوا 14050212.pdf,line:3413
6510-0025,Dasqua | داسکوا,گیج رینیک برو — 0-25mm,انواع گیج,17895000,"178,950,000",duplicate_sku_merged|duplicate_sku_in_pdf,duplicate_sku_in_pdf|duplicate_sku_merged,این SKU چند بار در PDF آمده — احتمال تداخل قیمت/مشخصات؛ SKU تکراری در PDF ادغام شده — برای واردسازی قطعی مناسب نیست,لیست قیمت داسکوا 14050212.pdf,line:3417
7000-0005,Dasqua | داسکوا,پایه ساعت هیدرولیک با بازوی سه — 0-50mm,ساعت اندیکاتور,,,missing_price,price_missing|missing_price,قیمت معتبر (بیش از صفر) وجود ندارد؛ قیمت در PDF استخراج نشد,لیست قیمت داسکوا 14050212.pdf,line:3130
7000-0015,Dasqua | داسکوا,پایه ساعت هیدرولیک با بازوی سه — 0-150mm,ساعت اندیکاتور,,,missing_price,price_missing|missing_price,قیمت معتبر (بیش از صفر) وجود ندارد؛ قیمت در PDF استخراج نشد,لیست قیمت داسکوا 14050212.pdf,line:3132
7000-0020,Dasqua | داسکوا,پایه ساعت هیدرولیک با بازوی سه — 0-200mm,ساعت اندیکاتور,,,missing_price,price_missing|missing_price,قیمت معتبر (بیش از صفر) وجود ندارد؛ قیمت در PDF استخراج نشد,لیست قیمت داسکوا 14050212.pdf,line:3133
7111-1000,Dasqua | داسکوا,پایه میکرومی 1 — 0-1000mm,انواع میکرومتر,7625000,"76,250,000",,sku_duplicate_in_csv,این SKU در CSV بیش از یک بار آمده (احتمالاً برندهای مختلف) — یکتا نیست,لیست قیمت داسکوا 14050212.pdf,line:3141
7791-1334,Dasqua | داسکوا,ساعت رسی 1334 یونیت کولیس — 0-1334mm,ساعت اندیکاتور,,,missing_price,price_missing|missing_price,قیمت معتبر (بیش از صفر) وجود ندارد؛ قیمت در PDF استخراج نشد,لیست قیمت داسکوا 14050212.pdf,line:3530
7791-1804,Dasqua | داسکوا,ست 4عددي زاويه كوليس ديجيتال -پالستيیکي ،عمق سنج ديجيتال،تراز ديجيتال — 0-1804mm,تراز صنعتی,,,missing_price,price_missing|missing_price,قیمت معتبر (بیش از صفر) وجود ندارد؛ قیمت در PDF استخراج نشد,لیست قیمت داسکوا 14050212.pdf,line:3499
7791-2000,Dasqua | داسکوا,ساعت رسی 1334 یونیت کولیس — 0-2000mm,ساعت اندیکاتور,,,missing_price,price_missing|missing_price,قیمت معتبر (بیش از صفر) وجود ندارد؛ قیمت در PDF استخراج نشد,لیست قیمت داسکوا 14050212.pdf,line:3532
7791-2015,Dasqua | داسکوا,یونیت کولیس دیجیتال IP 67رسی,انواع کولیس,,,missing_price,price_missing|missing_price,قیمت معتبر (بیش از صفر) وجود ندارد؛ قیمت در PDF استخراج نشد,لیست قیمت داسکوا 14050212.pdf,line:3501
7791-2117,Dasqua | داسکوا,یونیت فلزی کولیس دیجیتال رسی,انواع کولیس,,,missing_price,price_missing|missing_price,قیمت معتبر (بیش از صفر) وجود ندارد؛ قیمت در PDF استخراج نشد,لیست قیمت داسکوا 14050212.pdf,line:3504
7791-4210,Dasqua | داسکوا,ی دار یونیت میکرومی,انواع میکرومتر,,,missing_price,price_missing|missing_price,قیمت معتبر (بیش از صفر) وجود ندارد؛ قیمت در PDF استخراج نشد,لیست قیمت داسکوا 14050212.pdf,line:3508
7791-4211,Dasqua | داسکوا,میکرومی خروج درب پشت باطری,انواع میکرومتر,,,missing_price,price_missing|missing_price,قیمت معتبر (بیش از صفر) وجود ندارد؛ قیمت در PDF استخراج نشد,لیست قیمت داسکوا 14050212.pdf,line:3522
7791-4212,Dasqua | داسکوا,درب باطری میکرومی خروج,انواع میکرومتر,,,missing_price,price_missing|missing_price,قیمت معتبر (بیش از صفر) وجود ندارد؛ قیمت در PDF استخراج نشد,لیست قیمت داسکوا 14050212.pdf,line:3526
7791-4410,Dasqua | داسکوا,میکرومی دیجیتال کوچک رسی یونیت,انواع میکرومتر,,,missing_price,price_missing|missing_price,قیمت معتبر (بیش از صفر) وجود ندارد؛ قیمت در PDF استخراج نشد,لیست قیمت داسکوا 14050212.pdf,line:3512
7912-0005,Dasqua | داسکوا,پایه ساعت گر ی — 0-50mm,ساعت اندیکاتور,,,missing_price,price_missing|missing_price,قیمت معتبر (بیش از صفر) وجود ندارد؛ قیمت در PDF استخراج نشد,لیست قیمت داسکوا 14050212.pdf,line:3156
8101-0015,Dasqua | داسکوا,"1,336,200,000 ی ي سنج شور A,B,E,O,OO — 0-150mm",سختی سنج لاستیک,,,missing_price,price_missing|missing_price,قیمت معتبر (بیش از صفر) وجود ندارد؛ قیمت در PDF استخراج نشد,لیست قیمت داسکوا 14050212.pdf,line:2788
8101-0020,Dasqua | داسکوا,"1,336,200,000 ی ي سنج شور A,B,E,O,OO — 0-200mm",سختی سنج لاستیک,,,missing_price,price_missing|missing_price,قیمت معتبر (بیش از صفر) وجود ندارد؛ قیمت در PDF استخراج نشد,لیست قیمت داسکوا 14050212.pdf,line:2791
8295-0005,Dasqua | داسکوا,ضخامت سنج الکی — 0-725mm,عمق سنج,,,missing_price,price_missing|missing_price,قیمت معتبر (بیش از صفر) وجود ندارد؛ قیمت در PDF استخراج نشد,لیست قیمت داسکوا 14050212.pdf,line:3086
8295-0010,Dasqua | داسکوا,ضخامت سنج الکی — 0-705mm,عمق سنج,,,missing_price,price_missing|missing_price,قیمت معتبر (بیش از صفر) وجود ندارد؛ قیمت در PDF استخراج نشد,لیست قیمت داسکوا 14050212.pdf,line:3089
8295-0015,Dasqua | داسکوا,ضخامت سنج الکی — 0-705mm,عمق سنج,,,missing_price,price_missing|missing_price,قیمت معتبر (بیش از صفر) وجود ندارد؛ قیمت در PDF استخراج نشد,لیست قیمت داسکوا 14050212.pdf,line:3092
8300-0045,Dasqua | داسکوا,صنعت تخت (بنان تراز — 0-45mm,تراز صنعتی,,,missing_price,price_missing|missing_price,قیمت معتبر (بیش از صفر) وجود ندارد؛ قیمت در PDF استخراج نشد,لیست قیمت داسکوا 14050212.pdf,line:2365
8301-0020,Dasqua | داسکوا,صنعت تخت تراز 6 — 0-200mm,تراز صنعتی,20985000,"209,850,000",duplicate_sku_merged|duplicate_sku_in_pdf,duplicate_sku_in_pdf|duplicate_sku_merged,این SKU چند بار در PDF آمده — احتمال تداخل قیمت/مشخصات؛ SKU تکراری در PDF ادغام شده — برای واردسازی قطعی مناسب نیست,لیست قیمت داسکوا 14050212.pdf,line:2258
8301-1003,Dasqua | داسکوا,صنعت چهارگوش تراز 1 — 0-1003mm,تراز صنعتی,20385000,"203,850,000",duplicate_sku_merged|duplicate_sku_in_pdf,duplicate_sku_in_pdf|duplicate_sku_merged,این SKU چند بار در PDF آمده — احتمال تداخل قیمت/مشخصات؛ SKU تکراری در PDF ادغام شده — برای واردسازی قطعی مناسب نیست,لیست قیمت داسکوا 14050212.pdf,line:2270
8301-1006,Dasqua | داسکوا,تراز صنعت چهارگوش ی — 0-1006mm,تراز صنعتی,19955000,"199,550,000",duplicate_sku_merged|duplicate_sku_in_pdf,duplicate_sku_in_pdf|duplicate_sku_merged,این SKU چند بار در PDF آمده — احتمال تداخل قیمت/مشخصات؛ SKU تکراری در PDF ادغام شده — برای واردسازی قطعی مناسب نیست,لیست قیمت داسکوا 14050212.pdf,line:2272
8301-2505,Dasqua | داسکوا,زاویه سنج و ترازو دیجیتال,تراز صنعتی,,,missing_price,price_missing|missing_price,قیمت معتبر (بیش از صفر) وجود ندارد؛ قیمت در PDF استخراج نشد,لیست قیمت داسکوا 14050212.pdf,line:3753
8321-3105,Dasqua | داسکوا,"1,336,200,000 ی ي سنج شور A,B,E,O,OO",سختی سنج لاستیک,,,missing_price,price_missing|missing_price,قیمت معتبر (بیش از صفر) وجود ندارد؛ قیمت در PDF استخراج نشد,لیست قیمت داسکوا 14050212.pdf,line:2844
8321-3110,Dasqua | داسکوا,"1,336,200,000 ی ي سنج شور A,B,E,O,OO",سختی سنج لاستیک,,,missing_price,price_missing|missing_price,قیمت معتبر (بیش از صفر) وجود ندارد؛ قیمت در PDF استخراج نشد,لیست قیمت داسکوا 14050212.pdf,line:2847
8321-3115,Dasqua | داسکوا,"1,336,200,000 ی ي سنج شور A,B,E,O,OO",سختی سنج لاستیک,,,missing_price,price_missing|missing_price,قیمت معتبر (بیش از صفر) وجود ندارد؛ قیمت در PDF استخراج نشد,لیست قیمت داسکوا 14050212.pdf,line:2849
8321-3120,Dasqua | داسکوا,"1,336,200,000 ی ي سنج شور A,B,E,O,OO",سختی سنج لاستیک,,,missing_price,price_missing|missing_price,قیمت معتبر (بیش از صفر) وجود ندارد؛ قیمت در PDF استخراج نشد,لیست قیمت داسکوا 14050212.pdf,line:2852
8321-4025,Dasqua | داسکوا,"1,336,200,000 ی ي سنج شور A,B,E,O,OO",سختی سنج لاستیک,,,missing_price,price_missing|missing_price,قیمت معتبر (بیش از صفر) وجود ندارد؛ قیمت در PDF استخراج نشد,لیست قیمت داسکوا 14050212.pdf,line:2832
8321-4030,Dasqua | داسکوا,"1,336,200,000 ی ي سنج شور A,B,E,O,OO",سختی سنج لاستیک,,,missing_price,price_missing|missing_price,قیمت معتبر (بیش از صفر) وجود ندارد؛ قیمت در PDF استخراج نشد,لیست قیمت داسکوا 14050212.pdf,line:2834
8321-4035,Dasqua | داسکوا,"1,336,200,000 ی ي سنج شور A,B,E,O,OO",سختی سنج لاستیک,,,missing_price,price_missing|missing_price,قیمت معتبر (بیش از صفر) وجود ندارد؛ قیمت در PDF استخراج نشد,لیست قیمت داسکوا 14050212.pdf,line:2836
8321-4040,Dasqua | داسکوا,"1,336,200,000 ی ي سنج شور A,B,E,O,OO",سختی سنج لاستیک,,,missing_price,price_missing|missing_price,قیمت معتبر (بیش از صفر) وجود ندارد؛ قیمت در PDF استخراج نشد,لیست قیمت داسکوا 14050212.pdf,line:2837
8321-4045,Dasqua | داسکوا,"1,336,200,000 ی ي سنج شور A,B,E,O,OO",سختی سنج لاستیک,,,missing_price,price_missing|missing_price,قیمت معتبر (بیش از صفر) وجود ندارد؛ قیمت در PDF استخراج نشد,لیست قیمت داسکوا 14050212.pdf,line:2838
8400-0010,Dasqua | داسکوا,تراز دیجیتال مگنت دار ابسلوت ضد — 0-100mm,تراز صنعتی,,,missing_price|duplicate_sku_merged|duplicate_sku_in_pdf,price_missing|missing_price|duplicate_sku_in_pdf|duplicate_sku_merged,قیمت معتبر (بیش از صفر) وجود ندارد؛ قیمت در PDF استخراج نشد؛ این SKU چند بار در PDF آمده — احتمال تداخل قیمت/مشخصات؛ SKU تکراری در PDF ادغام شده — برای واردسازی قطعی مناسب نیست,لیست قیمت داسکوا 14050212.pdf,line:2345
8400-0020,Dasqua | داسکوا,تراز تخت دیجیتال مگنت دار (شیب سنج) — 0-200mm,تراز صنعتی,,,duplicate_sku_merged|missing_price|duplicate_sku_in_pdf,price_missing|missing_price|duplicate_sku_in_pdf|duplicate_sku_merged,قیمت معتبر (بیش از صفر) وجود ندارد؛ قیمت در PDF استخراج نشد؛ این SKU چند بار در PDF آمده — احتمال تداخل قیمت/مشخصات؛ SKU تکراری در PDF ادغام شده — برای واردسازی قطعی مناسب نیست,لیست قیمت داسکوا 14050212.pdf,line:2353
2307-025,INSIZE | اینسایز,in ساعت اینچی 1هزارم — 0-25mm,ساعت اندیکاتور,2410000,"2,410,000",size_corrected,size_corrected,بازه اندازه از PDF ناقص بود و اصلاح شده — برای واردسازی ۱۰۰٪ قطعی نیست,3654608110343495427_57334447193566_260620_174401.pdf,line:879
4790-050,INSIZE | اینسایز,گرید 00 گونیا مویی دقیق 5سانت — 5 سانت,انواع گیج,2650000,"2,650,000",size_corrected,size_corrected,بازه اندازه از PDF ناقص بود و اصلاح شده — برای واردسازی ۱۰۰٪ قطعی نیست,3654608110343495427_57334447193566_260620_174401.pdf,line:1465
4790-075,INSIZE | اینسایز,گرید 00 گونیا مویی دقیق 7.5سانت — 7.5 سانت,انواع گیج,3090000,"3,090,000",size_corrected,size_corrected,بازه اندازه از PDF ناقص بود و اصلاح شده — برای واردسازی ۱۰۰٪ قطعی نیست,3654608110343495427_57334447193566_260620_174401.pdf,line:1467
4953-200,INSIZE | اینسایز,000 تراز صنعتی دیجیتال تخت 20سانت — 20 سانت,تراز صنعتی,,,missing_price,price_missing|missing_price|inquiry_price,قیمت معتبر (بیش از صفر) وجود ندارد؛ قیمت در PDF استخراج نشد؛ قیمت استعلامی است — عدد قطعی در PDF نیست,3654608110343495427_57334447193566_260620_174401.pdf,line:1350
7111-1000,INSIZE | اینسایز,0.04 خط کش تاب سیلندر 1متر — 1 متر,خط کش,17950000,"17,950,000",,sku_duplicate_in_csv,این SKU در CSV بیش از یک بار آمده (احتمالاً برندهای مختلف) — یکتا نیست,3654608110343495427_57334447193566_260620_174401.pdf,line:1565
